Classe;TeorRotulo;TeorDensimetro;NivelAcucar;Temperatura;CPJ_10k;CPJ_4k7;CPJ_3k19;CPJ_1k;CPJ_824R
Puro;39;38;5;18.8;20812.2;24077.1;24299.2;26003.6;26123.8
Puro;39;38;5;18.8;20519.4;24167.1;24389.8;26192.2;26322.1
Puro;39;38;5;18.8;20937.6;24079.6;24300.8;25996.4;26113.1
Puro;39;38;5;18.8;20619.0;24078.4;24300.1;26001.4;26119.0
Puro;39;38;5;18.8;20379.2;24156.2;24377.3;26137.9;26265.1
Puro;39;38;5;18.8;20880.0;24087.6;24312.6;26017.9;26136.7
Puro;39;38;5;18.8;20886.8;24091.6;24308.1;26009.6;26127.7
Puro;39;38;5;18.8;20800.1;24077.9;24299.3;26006.8;26127.3
Puro;39;38;5;18.8;20856.4;24088.9;24309.1;26014.1;26131.2
Puro;39;38;5;18.8;20908.6;24081.4;24303.6;26001.6;26121.3
Puro;39;38;5;18.8;20894.9;24095.1;24315.9;26024.1;26133.8
Puro;39;38;5;18.8;20989.2;24075.8;24295.2;25988.7;26109.3
Puro;39;38;5;18.8;20507.3;24169.5;24389.1;26192.1;26322.5
Puro;39;38;5;18.8;21117.9;24072.1;24295.1;25969.5;26098.1
Puro;39;38;5;18.8;20970.4;24081.3;24298.6;25989.2;26105.5
Puro;39;38;5;18.8;21025.2;24054.4;24282.1;25979.5;26102.3
Puro;39;38;5;18.8;20802.2;24078.4;24300.4;26005.1;26127.3
Puro;39;38;5;18.8;20806.8;24079.2;24302.8;26008.3;26127.4
Puro;39;38;5;18.8;21015.5;24079.7;24300.1;25993.0;26100.7
Puro;39;38;5;18.8;21079.3;24073.4;24295.8;25957.8;26097.2
Puro;39;38;5;18.8;20394.1;24154.8;24375.0;26139.2;26262.8
Puro;39;38;5;18.8;20951.8;24079.4;24299.1;25992.0;26109.9
Puro;39;38;5;18.8;20541.8;24137.5;24358.5;26110.3;26231.8
Puro;39;38;5;18.8;20560.6;24161.1;24380.9;26179.4;26309.5
Puro;39;38;5;18.8;20503.5;24142.0;24363.5;26120.4;26242.7
Puro;39;38;5;18.8;20491.9;24177.7;24396.9;26208.9;26338.4
Puro;39;38;5;18.8;20718.6;24085.4;24275.9;25981.9;26101.4
Puro;39;38;5;18.8;20923.2;24084.7;24301.3;25998.1;26117.1
Puro;39;38;5;18.8;20870.5;24092.7;24313.5;26019.1;26138.1
Puro;39;38;5;18.8;20650.2;24152.0;24372.5;26174.7;26306.2
Puro;39;38;5;18.8;21029.7;24078.7;24299.3;25985.6;26107.2
Puro;39;38;5;18.8;20486.3;24178.8;24399.7;26210.7;26340.1
Puro;39;38;5;18.8;20533.7;24166.8;24385.8;26186.0;26314.4
Puro;39;38;5;18.8;21098.8;24073.5;24296.5;25987.2;26100.0
Puro;39;38;5;18.8;20496.9;24177.2;24397.4;26201.5;26330.0
Puro;39;38;5;18.9;20841.8;24086.3;24310.5;26017.5;26138.8
Puro;39;38;5;18.9;20849.0;24086.9;24306.3;26009.8;26130.5
Puro;39;38;5;18.9;20834.2;24085.7;24310.6;26016.1;26139.8
Puro;39;38;5;18.9;20850.6;24087.2;24307.6;26015.7;26132.5
Puro;39;38;5;18.9;20837.6;24089.4;24308.7;26014.1;26134.5
Puro;39;38;5;19.0;20817.7;24079.3;24297.2;25995.2;26117.3
Puro;39;38;5;19.0;20823.8;24087.4;24307.1;26016.8;26145.5
Puro;39;38;5;19.0;20830.6;24088.4;24310.4;26019.2;26140.9
Puro;39;38;5;19.0;20814.4;24076.6;24298.9;26003.1;26123.7
Puro;39;38;5;19.0;20821.1;24078.9;24301.7;26006.8;26125.7
Puro;39;38;5;20.3;19771.4;24354.1;24583.3;26535.0;26668.0
Puro;39;38;5;20.3;20178.2;24290.1;24515.1;26440.8;26572.9
Puro;39;38;5;20.3;19719.3;24369.1;24597.4;26558.4;26694.9
Puro;39;38;5;20.3;19792.3;24355.1;24581.8;26539.6;26672.0
Puro;39;38;5;20.3;19707.7;24371.3;24598.5;26561.9;26696.4
Puro;39;38;5;20.3;19734.2;24364.0;24592.6;26552.2;26687.9
Puro;39;38;5;20.3;20021.9;24308.7;24535.6;26465.5;26601.9
Puro;39;38;5;20.3;19926.8;24327.5;24554.9;26494.2;26631.2
Puro;39;38;5;20.3;19899.0;24334.8;24563.6;26507.7;26643.5
Puro;39;38;5;20.3;20264.1;24272.7;24499.5;26419.7;26551.6
Puro;39;38;5;20.3;19815.2;24349.1;24577.3;26526.8;26666.4
Puro;39;38;5;20.3;20381.1;24259.4;24485.5;26389.4;26523.6
Puro;39;38;5;20.3;20557.2;24232.0;24462.7;26356.4;26489.2
Puro;39;38;5;20.3;19843.4;24350.3;24577.7;26526.3;26662.0
Puro;39;38;5;20.3;19954.6;24322.7;24550.4;26485.2;26620.1
Puro;39;38;5;20.3;19986.5;24315.5;24544.6;26479.9;26614.6
Puro;39;38;5;20.3;20110.7;24301.7;24525.8;26450.0;26584.8
Puro;39;38;5;20.3;19871.0;24340.6;24568.3;26517.6;26656.1
Puro;38;41;0;17.8;18407.5;25263.1;25500.8;27745.0;27928.1
Puro;38;41;0;17.8;18628.7;24825.6;25071.6;26903.1;27086.1
Puro;38;41;0;17.8;18453.7;24854.1;25113.7;26961.3;27833.4
Puro;38;41;0;17.8;18413.3;25259.7;25497.2;27729.7;27896.7
Puro;38;41;0;17.8;18508.8;24841.2;25095.9;26968.7;27090.6
Puro;38;41;0;17.8;18548.4;24843.3;25098.8;26935.0;27061.0
Puro;38;41;0;17.8;18433.1;25212.8;25450.1;27677.5;27822.8
Puro;38;41;0;17.8;18421.8;25232.9;25470.8;27656.3;27884.6
Puro;38;41;0;17.8;18483.8;24850.0;25108.5;26972.1;27130.5
Puro;38;41;0;18.0;18733.9;24793.1;25051.6;26825.6;26956.4
Puro;38;41;0;18.0;18772.8;24775.8;25035.0;26805.2;26984.2
Puro;38;41;0;18.0;18703.9;24777.9;25038.8;26795.3;26922.6
Puro;38;41;0;18.0;18973.9;24694.7;24997.7;26715.6;26861.3
Puro;38;41;0;18.0;18509.1;24790.6;25050.4;26816.2;26954.1
Puro;38;41;0;18.0;18542.3;24797.1;25051.7;26814.2;26948.9
Puro;38;41;0;18.0;18719.0;24784.0;25044.7;26810.0;26936.3
Puro;38;41;0;18.0;18755.1;24754.2;25016.5;26802.8;26977.6
Puro;38;41;0;18.0;18925.2;24885.2;24985.9;27579.6;26983.2
Puro;38;41;0;18.0;18851.2;24783.3;25044.6;26813.3;26937.0
Puro;38;41;0;18.0;18494.7;24796.0;25051.3;26825.3;26956.2
Puro;38;41;0;18.0;18480.9;24796.7;25053.0;26833.3;26991.6
Puro;38;41;0;18.0;18673.5;24770.6;25029.7;26785.8;26921.5
Puro;38;41;0;18.0;18688.2;24774.9;25034.0;26789.6;26920.8
Puro;38;41;0;18.0;18569.9;24797.9;25051.3;26830.9;26964.8
Puro;38;41;0;18.0;18750.1;24791.6;25053.9;26831.0;26968.8
Puro;38;41;0;18.0;18653.5;24799.1;25053.2;26832.7;26959.1
Puro;38;41;0;18.0;18524.8;24793.3;25049.5;26821.1;26962.9
Puro;38;41;0;18.3;18678.4;24837.5;25091.1;26947.6;27074.3
Puro;38;41;0;18.3;18609.6;24808.3;25059.4;26889.5;27022.4
Puro;38;41;0;18.3;18644.7;24806.6;25067.1;26903.0;27056.4
Puro;38;41;0;18.3;18742.0;24806.4;25058.8;26949.6;27219.1
Puro;38;41;0;18.3;18659.2;24814.1;25068.6;26908.9;27038.9
Puro;38;41;0;18.3;18705.5;24848.5;25097.2;26970.5;27139.6
Puro;38;41;0;18.3;18630.6;24810.9;25065.1;26886.9;27029.0
Puro;38;41;0;18.3;18917.0;25176.6;25417.8;26937.0;27008.6
Puro;38;41;0;18.3;18620.8;24800.5;25062.3;26867.2;27018.6
Puro;38;41;0;18.6;18370.0;25270.3;25505.1;27716.8;27865.8
Puro;38;41;0;18.6;18368.7;25261.7;25498.8;27729.4;27889.1
Puro;38;41;0;18.6;18368.2;25257.3;25494.0;27741.8;27910.3
Puro;38;41;0;18.6;18351.9;25254.3;25487.8;27636.7;27572.8
Puro;38;41;0;18.6;18373.3;25144.7;25374.8;27776.3;27936.1
Puro;38;41;0;18.6;18371.2;25259.1;25496.7;27715.5;27866.6
Puro;38;41;0;18.6;18356.6;25266.6;25502.6;27729.7;27879.0
Puro;38;41;0;18.6;18366.3;25254.8;25490.8;27737.8;27880.9
Puro;38;41;0;18.6;18347.8;25234.6;25467.3;27282.9;27072.8
Puro;38;41;0;19.7;18084.5;25426.4;25661.7;28068.8;28244.7
Puro;38;41;0;19.7;18216.2;25394.5;25629.0;28005.5;28181.7
Puro;38;41;0;19.7;18017.8;25443.8;25676.2;28096.0;28281.4
Puro;38;41;0;19.7;18034.3;25441.3;25675.5;28092.3;28276.6
Puro;38;41;0;19.7;18250.9;25384.0;25618.7;27993.2;28172.3
Puro;38;41;0;19.7;18339.6;25365.6;25600.9;27961.9;28136.1
Puro;38;41;0;19.7;18054.6;25435.8;25669.6;28080.6;28265.4
Puro;38;41;0;19.7;18072.6;25432.0;25666.5;28072.4;28252.9
Puro;38;41;0;19.7;18192.1;25396.5;25630.1;28007.8;28192.2
Puro;38;41;0;19.7;18041.2;25439.3;25673.8;28088.0;28270.0
Puro;38;41;0;19.7;18046.5;25438.8;25672.4;28079.9;28266.7
Puro;38;41;0;19.7;18425.5;25344.6;25583.7;27930.6;28107.5
Puro;38;41;0;19.7;18122.3;25417.4;25650.7;28046.8;28225.1
Puro;38;41;0;19.7;18109.6;25421.1;25654.8;28054.0;28237.3
Puro;38;41;0;19.7;18135.5;25414.7;25648.7;28043.0;28220.9
Puro;38;41;0;19.7;18172.3;25401.7;25638.2;28027.0;28204.9
Puro;38;41;0;19.7;18025.0;25441.7;25674.4;28095.7;28276.4
Puro;38;41;0;19.7;18152.9;25411.9;25645.6;28038.1;28216.1
Puro;42;39;0;15.4;16522.0;26313.0;26414.2;29006.6;29170.8
Puro;42;39;0;15.4;16301.5;26336.3;26425.5;29010.7;29200.6
Puro;42;39;0;15.4;16403.9;26278.3;26372.0;28971.1;29163.7
Puro;42;39;0;15.4;16504.8;26230.4;26312.0;28859.8;29099.5
Puro;42;39;0;15.4;16349.4;26337.0;26425.8;29017.2;29216.1
Puro;42;39;0;15.4;16362.4;26323.8;26413.1;28988.3;29193.5
Puro;42;39;0;15.4;16505.7;26277.5;26367.0;28934.6;29174.5
Puro;42;39;0;15.4;16338.0;26339.9;26429.2;29020.5;29212.9
Puro;42;39;0;15.4;16591.8;26225.1;26312.0;28893.8;29087.4
Puro;42;39;0;15.4;16537.5;26243.1;26328.2;28881.0;29041.2
Puro;42;39;0;15.4;16784.5;26163.2;26261.0;28802.0;29047.9
Puro;42;39;0;15.4;16325.1;26339.2;26429.6;29020.7;29212.7
Puro;42;39;0;15.4;16431.3;26366.5;26475.7;29107.0;29048.2
Puro;42;39;0;15.4;16293.3;26334.3;26421.3;29005.1;29192.3
Puro;42;39;0;15.4;16021.2;26313.9;26403.5;28994.0;29196.7
Puro;42;39;0;15.4;16383.0;26319.7;26408.3;28941.9;29163.1
Puro;42;39;0;15.4;16725.0;26185.1;26278.9;28834.1;29010.3
Puro;42;39;0;15.4;16314.8;26340.0;26430.9;29017.3;29206.9
Puro;42;39;0;15.5;16588.4;26243.3;26330.8;28919.2;29122.8
Puro;42;39;0;15.5;16511.1;26266.7;26351.5;28939.4;29124.4
Puro;42;39;0;15.5;16550.0;26266.3;26353.3;28945.1;29135.4
Puro;42;39;0;15.5;16532.8;26264.5;26350.3;28934.4;29129.0
Puro;42;39;0;15.5;16521.8;26266.7;26352.6;28938.2;29134.5
Puro;42;39;0;15.5;16457.0;26287.2;26375.4;28978.4;29177.6
Puro;42;39;0;15.5;16567.6;26255.8;26346.0;28933.0;29144.9
Puro;42;39;0;15.5;16620.1;26231.2;26317.7;28892.3;29093.6
Puro;42;39;0;15.5;16435.2;26289.4;26378.1;28984.4;29187.4
Puro;42;39;0;15.5;16444.3;26292.8;26381.2;28991.9;29193.5
Puro;42;39;0;15.5;16430.6;26289.3;26379.1;28992.2;29194.8
Puro;42;39;0;15.5;16479.2;26263.0;26343.7;28928.8;29124.4
Puro;42;39;0;15.5;16467.6;26274.5;26359.2;28949.1;29156.5
Puro;42;39;0;15.5;16452.5;26287.4;26376.3;28978.9;29188.8
Puro;42;39;0;15.5;16448.8;26291.0;26381.2;28987.8;29191.0
Puro;42;39;0;15.5;16492.5;26256.5;26338.9;28916.6;29129.7
Puro;42;39;0;15.5;16669.8;26222.2;26314.8;28870.1;29057.4
Puro;42;39;0;15.5;16460.4;26284.5;26371.2;28970.9;29165.6
Puro;42;39;0;15.5;16666.9;26199.9;26281.9;28847.5;29071.0
Puro;42;39;0;15.5;16465.1;26281.2;26365.6;28961.3;29160.3
Puro;42;39;0;15.5;16529.7;26258.0;26342.9;28914.5;29119.9
Puro;42;39;0;15.5;16501.8;26257.7;26342.3;28916.3;29107.8
Puro;42;39;0;15.5;16471.9;26272.0;26356.2;28944.2;29151.4
Puro;42;39;0;15.5;16442.9;26291.0;26381.1;28985.3;29188.4
Puro;42;39;0;15.5;16509.2;26267.7;26354.7;28935.9;29125.7
Puro;42;39;0;15.5;16562.0;26243.3;26331.5;28904.6;29095.1
Puro;42;39;0;18.9;16347.0;26191.2;26309.3;29102.1;29416.5
Puro;42;39;0;18.9;16342.2;26199.9;26311.3;29067.2;29403.5
Puro;42;39;0;18.9;16315.3;26196.4;26315.8;29139.4;29458.6
Puro;42;39;0;18.9;16308.3;26197.0;26313.1;29038.1;29428.9
Puro;42;39;0;18.9;16296.6;26202.1;26321.7;29140.4;29453.2
Puro;42;39;0;18.9;16310.8;26199.4;26318.7;29151.0;29467.6
Puro;42;39;0;18.9;16294.5;26200.8;26320.0;29147.4;29466.4
Puro;42;39;0;18.9;16262.2;26199.0;26308.9;29034.1;29346.6
Puro;42;39;0;18.9;16351.3;26191.8;26307.9;29098.2;29409.8
Puro;42;39;0;18.9;16361.8;26195.3;26309.9;29084.4;29396.8
Puro;42;39;0;18.9;16349.0;26191.8;26308.2;29095.8;29410.7
Puro;42;39;0;18.9;16309.1;26203.9;26326.6;29167.6;29490.2
Puro;42;39;0;18.9;16298.2;26203.3;26323.6;29123.9;29447.3
Puro;42;39;0;18.9;16359.6;26191.4;26308.0;29094.4;29411.4
Puro;42;39;0;18.9;16298.0;26202.5;26323.9;29137.9;29448.3
Puro;42;39;0;18.9;16314.6;26195.5;26313.9;29130.6;29449.4
Puro;42;39;0;18.9;16357.1;26192.3;26309.2;29095.8;29409.6
Puro;42;39;0;18.9;16306.8;26202.8;26325.9;29168.8;29492.3
Puro;42;39;0;18.9;16354.1;26189.8;26305.3;29093.5;29406.2
Puro;42;39;0;26.2;15692.3;25726.7;25736.7;28207.5;28584.5
Puro;42;39;0;26.2;15757.6;25688.5;25699.9;28182.9;28537.9
Puro;42;39;0;26.2;15989.6;25606.3;25623.1;28075.3;28404.1
Puro;42;39;0;26.2;15709.9;25706.6;25716.2;28160.6;28553.4
Puro;39;34;15;19.1;16151.3;26081.5;26090.1;28693.9;28965.2
Puro;39;34;15;19.1;15616.7;26180.1;26190.0;28787.6;29064.6
Puro;39;34;15;19.1;15734.8;26141.1;26151.7;28745.0;29024.8
Puro;39;34;15;19.1;15627.4;26179.0;26190.2;28788.4;29065.4
Puro;39;34;15;19.1;15901.6;26135.4;26136.3;28721.1;29003.3
Puro;39;34;15;19.1;16125.0;26085.3;26093.9;28698.6;28965.2
Puro;39;34;15;19.1;15914.7;26127.7;26125.1;28716.7;28995.8
Puro;39;34;15;19.1;15458.7;26229.9;26240.0;28851.6;29129.0
Puro;39;34;15;19.1;15905.3;26130.9;26130.9;28716.5;28999.0
Puro;39;34;15;19.1;16194.1;26045.0;26043.1;28609.1;28892.5
Puro;39;34;15;19.1;15910.0;26133.7;26134.5;28720.6;29003.4
Puro;39;34;15;19.1;15449.8;26233.1;26244.4;28855.1;29132.9
Puro;39;34;15;19.1;15980.1;26119.1;26123.1;28705.9;28991.9
Puro;39;34;15;19.1;16032.3;26109.4;26109.9;28690.9;28967.8
Puro;39;34;15;19.1;15957.6;26125.0;26128.6;28713.4;28997.1
Puro;39;34;15;19.1;15765.3;26137.2;26147.5;28741.5;29016.8
Puro;39;34;15;19.1;15606.0;26179.3;26188.5;28782.9;29059.5
Puro;39;34;15;19.1;16409.6;26238.4;26244.3;28863.9;29187.7
Puro;39;34;15;19.1;15425.9;26240.0;26249.6;28859.4;29141.7
Puro;39;34;15;19.1;15441.1;26237.6;26249.5;28864.0;29142.2
Puro;39;34;15;19.1;15433.4;26240.0;26252.6;28865.9;29143.5
Puro;39;34;15;19.1;15418.3;26242.6;26251.2;28863.6;29138.8
Puro;39;34;15;19.1;15934.1;26127.1;26127.9;28713.1;28996.7
Puro;39;34;15;19.1;16087.1;26097.8;26109.8;28715.7;28984.9
Puro;39;34;15;19.1;15469.6;26225.2;26234.7;28843.7;29124.9
Puro;39;34;15;19.1;15941.1;26125.5;26126.5;28712.7;28995.6
Puro;39;34;15;19.1;15683.3;26164.8;26174.2;28768.5;29044.3
Puro;39;34;15;19.1;15567.0;26193.8;26203.9;28805.3;29086.2
Puro;39;34;15;19.1;16023.3;26068.5;26081.4;28661.3;28942.5
Puro;39;34;15;19.1;15993.5;26116.5;26116.8;28700.4;28985.3
Puro;39;34;15;19.1;15498.2;26215.7;26226.0;28828.4;29108.2
Puro;39;34;15;19.1;16103.4;26093.0;26103.7;28708.6;28978.2
Puro;39;34;15;19.1;16052.7;26093.6;26093.8;28675.9;28959.3
Puro;39;34;15;19.1;16010.2;26112.9;26114.5;28696.8;28979.7
Puro;39;34;15;19.1;15730.9;26151.6;26160.8;28758.6;29033.4
Puro;39;34;15;19.1;16081.8;26080.8;26079.7;28651.9;28933.8
Puro;39;34;15;19.1;15664.9;26170.0;26182.6;28781.5;29055.7
Puro;39;34;15;19.1;16236.9;26057.0;26065.9;28661.0;28930.4
Puro;39;34;15;19.1;16185.9;26067.5;26076.7;28676.4;28945.6
Puro;39;34;15;19.1;15921.7;26129.8;26131.6;28719.4;28998.6
Puro;39;34;15;19.1;15482.4;26220.4;26230.1;28838.7;29116.6
Puro;39;34;15;19.1;15703.3;26157.2;26167.6;28762.7;29038.5
Puro;39;34;15;19.1;15927.0;26129.7;26136.1;28720.0;29003.6
Puro;39;34;15;19.1;16125.1;26068.8;26065.8;28639.3;28921.9
Puro;39;34;15;19.1;15897.0;26136.3;26136.2;28721.7;29002.7
Puro;39;34;15;19.1;15968.2;26123.3;26126.6;28712.1;28995.8
Puro;39;34;15;21.2;15478.3;26125.5;26147.4;28758.5;29079.0
Puro;39;34;15;21.2;15473.8;26127.3;26148.2;28759.6;29080.2
Puro;39;34;15;21.2;15687.8;26078.5;26104.6;28712.6;29030.3
Puro;39;34;15;21.2;15522.4;26118.1;26142.3;28754.0;29072.6
Puro;39;34;15;21.2;15465.5;26129.6;26149.9;28761.9;29079.8
Puro;39;34;15;21.2;15470.2;26127.7;26148.8;28759.6;29079.7
Puro;39;34;15;21.2;15505.9;26119.8;26141.0;28751.0;29070.5
Puro;39;34;15;21.2;15620.9;26093.6;26120.3;28730.2;29046.8
Puro;39;34;15;21.2;15568.3;26109.8;26134.3;28745.9;29065.1
Puro;39;34;15;21.2;15552.6;26109.7;26134.4;28745.9;29068.1
Puro;39;34;15;21.2;15753.5;26061.8;26090.9;28696.6;29011.7
Puro;39;34;15;21.2;15497.1;26122.5;26144.0;28751.5;29071.6
Puro;39;34;15;21.2;15530.0;26118.4;26141.1;28749.7;29068.2
Puro;39;34;15;21.2;15582.8;26104.3;26129.4;28743.0;29060.0
Puro;39;34;15;21.2;15512.3;26122.8;26144.0;28754.3;29072.6
Puro;39;34;15;21.2;15647.9;26087.3;26113.7;28724.2;29039.2
Puro;39;34;15;21.2;15462.5;26130.7;26150.5;28759.7;29080.7
Puro;39;34;15;21.2;15600.5;26101.4;26125.8;28736.6;29055.1
Contaminado;39;38;5;19.0;21427.6;23531.2;23736.5;25317.3;25425.3
Contaminado;39;38;5;19.0;21424.2;23533.1;23737.2;25321.8;25432.0
Contaminado;39;38;5;19.0;21418.6;23532.0;23736.9;25313.4;25421.8
Contaminado;39;38;5;19.0;21420.7;23531.3;23735.2;25317.6;25430.4
Contaminado;39;38;5;19.0;21422.4;23532.7;23738.2;25317.1;25424.5
Contaminado;39;38;5;19.0;21339.6;23531.1;23735.9;25320.6;25431.8
Contaminado;39;38;5;19.1;21665.4;23521.8;23725.9;25304.7;25414.3
Contaminado;39;38;5;19.1;21568.9;23534.2;23736.3;25327.7;25434.5
Contaminado;39;38;5;19.1;21203.9;23552.6;23760.0;25353.7;25462.8
Contaminado;39;38;5;19.1;21194.4;23549.1;23751.1;25341.7;25452.8
Contaminado;39;38;5;19.1;21459.5;23529.3;23732.4;25308.7;25416.8
Contaminado;39;38;5;19.1;21449.4;23535.2;23739.3;25322.0;25442.6
Contaminado;39;38;5;19.1;21433.4;23539.4;23741.9;25328.4;25436.9
Contaminado;39;38;5;19.1;21481.9;23528.4;23731.0;25307.3;25422.7
Contaminado;39;38;5;19.1;21477.2;23530.3;23729.1;25311.9;25421.5
Contaminado;39;38;5;19.1;21489.0;23520.5;23723.3;25299.5;25414.2
Contaminado;39;38;5;19.1;21923.0;23481.5;23684.5;25242.6;25356.2
Contaminado;39;38;5;19.1;21455.6;23501.3;23704.5;25313.2;25428.0
Contaminado;39;38;5;19.1;21484.5;23527.4;23729.6;25308.8;25417.3
Contaminado;39;38;5;19.1;21615.9;23526.5;23729.8;25312.7;25422.2
Contaminado;39;38;5;19.1;21811.7;23498.3;23698.9;25270.9;25392.8
Contaminado;39;38;5;19.1;21471.8;23526.6;23728.6;25309.1;25421.9
Contaminado;39;38;5;19.1;21430.9;23537.7;23741.6;25326.1;25434.9
Contaminado;39;38;5;19.1;21211.0;23551.0;23755.0;25343.4;25454.8
Contaminado;39;38;5;19.1;21247.8;23544.8;23744.8;25334.7;25445.0
Contaminado;39;38;5;19.1;21466.4;23530.1;23731.9;25311.0;25420.5
Contaminado;39;38;5;19.1;21583.4;23528.6;23730.9;25312.4;25424.9
Contaminado;39;38;5;19.1;21700.4;23520.0;23720.1;25296.0;25404.8
Contaminado;39;38;5;19.1;21446.1;23540.4;23743.7;25332.2;25441.8
Contaminado;39;38;5;19.1;21438.8;23533.4;23738.8;25320.8;25430.3
Contaminado;39;38;5;19.1;21548.2;23536.4;23744.3;25336.2;25445.2
Contaminado;39;38;5;19.1;21517.6;23538.6;23740.7;25313.7;25398.6
Contaminado;39;38;5;19.1;21265.2;23541.8;23742.7;25331.2;25441.5
Contaminado;39;38;5;19.1;21509.8;23514.1;23718.3;25290.3;25399.1
Contaminado;39;38;5;19.1;21234.2;23545.8;23747.7;25335.1;25447.8
Contaminado;39;38;5;19.1;21502.2;23519.9;23722.1;25294.9;25398.2
Contaminado;39;38;5;19.1;21495.3;23518.3;23721.6;25293.7;25401.1
Contaminado;39;38;5;19.1;21285.9;23543.4;23745.8;25333.4;25445.6
Contaminado;39;38;5;19.1;21639.0;23525.7;23729.5;25306.7;25417.5
Contaminado;39;38;5;19.1;21444.9;23539.4;23738.9;25328.5;25440.1
Contaminado;39;38;5;19.1;21598.7;23527.3;23725.3;25293.6;25402.9
Contaminado;39;38;5;19.1;21537.6;23539.7;23743.7;25336.7;25439.7
Contaminado;39;38;5;19.1;21435.7;23536.8;23740.7;25326.3;25435.6
Contaminado;39;38;5;19.1;21555.7;23535.9;23739.1;25333.1;25436.4
Contaminado;39;38;5;19.1;21440.6;23538.6;23742.3;25331.1;25438.9
Contaminado;39;38;5;21.0;21192.8;23723.2;23931.8;25706.9;25826.3
Contaminado;39;38;5;21.0;21168.6;23726.7;23936.4;25713.0;25832.4
Contaminado;39;38;5;21.0;21145.0;23732.7;23942.4;25714.5;25832.8
Contaminado;39;38;5;21.0;21111.7;23733.9;23944.9;25726.5;25844.1
Contaminado;39;38;5;21.0;21105.8;23735.1;23944.8;25726.4;25847.2
Contaminado;39;38;5;21.0;21286.7;23705.6;23916.2;25685.7;25808.1
Contaminado;39;38;5;21.0;21470.0;23689.0;23894.3;25645.9;25774.3
Contaminado;39;38;5;21.0;21077.5;23736.6;23948.9;25733.0;25844.3
Contaminado;39;38;5;21.0;21099.3;23735.3;23946.1;25727.4;25847.8
Contaminado;39;38;5;21.0;21133.3;23728.6;23938.9;25719.5;25838.9
Contaminado;39;38;5;21.0;21119.1;23733.6;23942.7;25723.5;25844.4
Contaminado;39;38;5;21.0;21331.1;23700.3;23908.0;25671.6;25794.3
Contaminado;39;38;5;21.0;21381.5;23693.0;23902.7;25662.4;25784.8
Contaminado;39;38;5;21.0;21181.5;23721.1;23932.7;25707.6;25829.1
Contaminado;39;38;5;21.0;21260.2;23714.1;23922.9;25693.7;25810.8
Contaminado;39;38;5;21.0;21083.3;23733.1;23944.4;25725.5;25844.5
Contaminado;39;38;5;21.0;21237.3;23715.0;23926.1;25696.3;25816.0
Contaminado;39;38;5;21.0;21156.2;23729.9;23939.8;25718.5;25839.0
Contaminado;38;41;0;15.5;21931.1;24637.3;24890.8;26634.4;26759.2
Contaminado;38;41;0;15.5;21880.9;24643.8;24894.4;26629.0;26744.4
Contaminado;38;41;0;15.5;21875.7;24637.8;24889.5;26618.9;26740.7
Contaminado;38;41;0;15.5;21897.9;24636.8;24888.6;26628.3;26746.1
Contaminado;38;41;0;15.5;21885.9;24641.9;24894.4;26627.6;26745.2
Contaminado;38;41;0;15.5;21850.3;24680.8;24650.3;26257.2;26381.4
Contaminado;38;41;0;15.5;20169.2;24602.4;24864.3;26512.9;26632.0
Contaminado;38;41;0;15.5;21896.7;24638.8;24890.8;26627.9;26745.6
Contaminado;38;41;0;15.5;20371.8;24678.7;24933.4;26654.2;26766.8
Contaminado;38;41;0;15.5;20835.1;24619.1;24876.6;26528.3;26651.8
Contaminado;38;41;0;15.5;21896.8;24641.7;24892.3;26630.9;26749.6
Contaminado;38;41;0;15.5;21858.6;24649.9;24900.1;26648.5;26766.8
Contaminado;38;41;0;15.5;21884.3;24642.6;24894.5;26629.0;26742.6
Contaminado;38;41;0;15.5;21903.7;24640.6;24892.1;26634.8;26750.4
Contaminado;38;41;0;15.5;21887.3;24643.1;24894.1;26630.9;26747.6
Contaminado;38;41;0;15.5;22206.7;24473.3;24732.3;26298.2;26412.9
Contaminado;38;41;0;15.6;20404.0;24672.2;24927.7;26648.2;26764.9
Contaminado;38;41;0;15.6;20753.1;24621.5;24881.9;26547.4;26664.8
Contaminado;38;41;0;15.6;21908.7;24493.6;24746.2;26323.4;26444.6
Contaminado;38;41;0;15.6;20530.4;24655.8;24914.0;26630.1;26749.4
Contaminado;38;41;0;15.6;21883.5;24504.0;24757.7;26337.6;26447.6
Contaminado;38;41;0;15.6;20667.9;24647.2;24906.5;26613.7;26734.2
Contaminado;38;41;0;15.6;21935.4;24494.3;24746.6;26314.4;26430.2
Contaminado;38;41;0;15.6;21857.5;24502.4;24757.0;26344.3;26454.7
Contaminado;38;41;0;15.6;21873.6;24502.4;24758.6;26341.1;26449.3
Contaminado;38;41;0;15.9;21917.7;24639.2;24892.0;26638.6;26757.6
Contaminado;38;41;0;15.9;21908.3;24640.6;24890.8;26636.3;26753.9
Contaminado;38;41;0;15.9;21913.8;24638.4;24889.8;26631.6;26749.7
Contaminado;38;41;0;16.2;22092.5;24643.5;24895.2;26630.1;26748.4
Contaminado;38;41;0;16.2;22278.4;24628.4;24879.9;26598.3;26717.1
Contaminado;38;41;0;16.2;21926.1;24639.1;24889.4;26636.1;26755.7
Contaminado;38;41;0;16.2;22008.4;24640.2;24891.9;26632.4;26750.1
Contaminado;38;41;0;16.2;22017.6;24642.2;24893.2;26631.6;26751.4
Contaminado;38;41;0;16.2;21965.3;24636.4;24887.1;26629.3;26749.1
Contaminado;38;41;0;16.2;22210.9;24629.9;24879.8;26604.6;26727.3
Contaminado;38;41;0;16.2;22157.7;24637.9;24890.9;26619.7;26738.3
Contaminado;38;41;0;16.2;22033.3;24637.9;24889.3;26625.6;26743.1
Contaminado;38;41;0;16.2;21940.8;24637.4;24887.2;26636.2;26754.5
Contaminado;38;41;0;16.2;21980.3;24636.4;24889.4;26632.6;26751.8
Contaminado;38;41;0;16.2;22123.0;24639.4;24892.2;26625.2;26743.6
Contaminado;38;41;0;16.2;22511.3;24614.0;24863.4;26555.5;26673.3
Contaminado;38;41;0;16.2;21971.9;24632.9;24884.7;26625.1;26743.2
Contaminado;38;41;0;16.2;21995.6;24638.0;24888.4;26631.4;26748.5
Contaminado;38;41;0;16.2;22066.5;24643.2;24893.1;26631.6;26747.7
Contaminado;38;41;0;16.2;22366.6;24622.3;24873.8;26586.0;26703.4
Contaminado;38;41;0;16.2;20065.1;24708.1;24969.5;26718.3;26839.8
Contaminado;38;41;0;20.1;20606.4;24798.2;25054.4;27054.9;27192.4
Contaminado;38;41;0;20.1;20533.1;24816.8;25074.0;27085.0;27227.5
Contaminado;38;41;0;20.1;20761.7;24773.0;25029.6;27013.2;27148.3
Contaminado;38;41;0;20.1;20657.7;24791.7;25045.6;27037.5;27173.4
Contaminado;38;41;0;20.1;20639.3;24790.9;25045.5;27043.0;27178.6
Contaminado;38;41;0;20.1;20955.7;24739.1;24994.4;26956.4;27091.3
Contaminado;38;41;0;20.1;21051.4;24723.8;24978.7;26933.4;27068.1
Contaminado;38;41;0;20.1;20577.7;24810.5;25066.0;27070.2;27206.6
Contaminado;38;41;0;20.1;20796.3;24768.9;25024.3;27007.1;27138.1
Contaminado;38;41;0;20.1;20704.8;24783.3;25039.3;27028.9;27170.2
Contaminado;38;41;0;20.1;20556.5;24811.2;25068.2;27074.8;27213.6
Contaminado;38;41;0;20.1;20833.0;24763.5;25016.9;26994.0;27127.2
Contaminado;38;41;0;20.1;20733.0;24779.1;25037.7;27026.1;27160.9
Contaminado;38;41;0;20.1;20566.3;24811.5;25069.3;27074.4;27213.0
Contaminado;38;41;0;20.1;20676.8;24790.6;25046.6;27038.1;27176.4
Contaminado;38;41;0;20.1;21209.8;24703.0;24957.2;26893.0;27031.3
Contaminado;38;41;0;20.1;20621.6;24794.7;25051.6;27046.4;27183.4
Contaminado;38;41;0;20.1;20545.8;24814.2;25071.1;27079.0;27215.4
Contaminado;38;41;0;26.2;20178.5;24851.3;25096.2;27323.2;27507.6
Contaminado;38;41;0;26.2;20282.1;24793.5;25034.9;27227.0;27433.5
Contaminado;38;41;0;26.2;20269.5;24816.7;25062.6;27262.6;27458.7
Contaminado;38;41;0;26.2;20230.2;24830.6;25075.7;27278.8;27497.7
Contaminado;38;41;0;26.2;20226.8;24835.2;25086.7;27330.6;27518.0
Contaminado;42;39;0;18.6;18496.2;25735.5;25930.2;28506.6;28715.6
Contaminado;42;39;0;18.6;18547.4;25721.3;25917.3;28482.6;28696.3
Contaminado;42;39;0;18.6;18493.8;25736.1;25932.0;28508.5;28722.8
Contaminado;42;39;0;18.6;18439.6;25750.3;25945.5;28542.1;28756.9
Contaminado;42;39;0;18.6;18890.0;25687.9;25889.1;28450.7;28668.9
Contaminado;42;39;0;18.6;18446.0;25747.2;25941.6;28536.6;28755.1
Contaminado;42;39;0;18.6;18783.1;25708.8;25908.9;28483.3;28704.6
Contaminado;42;39;0;18.6;17960.8;25816.9;25983.4;28626.2;28850.3
Contaminado;42;39;0;18.6;18859.7;25692.3;25889.8;28452.5;28673.2
Contaminado;42;39;0;18.6;18446.4;25747.3;25941.7;28536.3;28745.7
Contaminado;42;39;0;18.6;17986.6;25806.3;25975.1;28613.8;28836.3
Contaminado;42;39;0;18.6;18730.3;25719.2;25918.1;28500.2;28718.1
Contaminado;42;39;0;18.6;18673.9;25751.0;25948.7;28545.5;28768.0
Contaminado;42;39;0;18.6;18786.4;25650.9;25854.4;28392.6;28608.3
Contaminado;42;39;0;18.6;18756.8;25715.3;25916.3;28494.3;28715.5
Contaminado;42;39;0;18.6;18920.7;25677.2;25878.3;28431.2;28652.9
Contaminado;42;39;0;18.6;18455.3;25740.1;25936.3;28527.8;28746.8
Contaminado;42;39;0;18.6;18683.0;25739.5;25936.9;28522.6;28747.4
Contaminado;42;39;0;18.6;17942.7;25787.8;25951.8;28566.5;28780.0
Contaminado;42;39;0;18.6;18501.5;25735.6;25930.8;28506.0;28716.4
Contaminado;42;39;0;18.6;18685.0;25737.3;25934.5;28520.5;28742.3
Contaminado;42;39;0;18.6;18575.6;25711.8;25907.0;28472.5;28680.5
Contaminado;42;39;0;18.6;18490.0;25740.2;25935.2;28514.7;28725.9
Contaminado;42;39;0;18.6;18462.1;25741.3;25935.2;28527.7;28742.9
Contaminado;42;39;0;18.6;18976.7;25666.9;25871.5;28419.6;28639.9
Contaminado;42;39;0;18.6;18768.1;25711.6;25910.9;28486.0;28707.1
Contaminado;42;39;0;18.6;18514.9;25730.2;25925.2;28498.3;28711.6
Contaminado;42;39;0;18.6;18470.0;25739.2;25933.2;28511.7;28723.9
Contaminado;42;39;0;18.6;18478.2;25741.3;25937.1;28516.2;28732.6
Contaminado;42;39;0;18.6;18687.1;25733.7;25932.6;28519.3;28740.5
Contaminado;42;39;0;18.6;18447.1;25746.8;25940.9;28536.3;28748.8
Contaminado;42;39;0;18.6;17959.2;25778.5;25943.1;28553.8;28772.0
Contaminado;42;39;0;18.6;18835.9;25698.1;25898.7;28466.6;28685.2
Contaminado;42;39;0;18.6;18663.4;25683.4;25881.0;28431.5;28642.4
Contaminado;42;39;0;18.6;19052.3;25651.6;25856.8;28397.3;28616.8
Contaminado;42;39;0;18.6;18805.4;25705.1;25904.7;28476.2;28696.8
Contaminado;42;39;0;18.6;18727.0;25731.2;25930.0;28518.8;28741.5
Contaminado;42;39;0;18.6;17935.5;25788.6;25954.9;28570.9;28785.4
Contaminado;42;39;0;18.6;18504.9;25734.3;25930.5;28505.6;28717.5
Contaminado;42;39;0;18.7;18057.1;25781.2;25950.1;28573.5;28803.1
Contaminado;42;39;0;18.7;18274.5;25719.8;25894.6;28488.8;28716.5
Contaminado;42;39;0;18.7;18435.0;25748.6;25943.9;28540.4;28745.7
Contaminado;42;39;0;18.7;18434.3;25747.5;25941.7;28539.5;28752.8
Contaminado;42;39;0;18.7;18433.9;25746.2;25936.9;28533.7;28748.4
Contaminado;42;39;0;18.7;18126.3;25763.2;25933.3;28545.3;28771.1
Contaminado;42;39;0;19.1;17429.1;26167.0;26342.1;29253.7;29530.7
Contaminado;42;39;0;19.1;17313.5;26208.4;26398.2;29211.0;29427.2
Contaminado;42;39;0;19.1;17267.1;26212.9;26394.4;29169.2;29421.0
Contaminado;42;39;0;19.1;17269.0;26209.4;26393.6;29167.4;29420.0
Contaminado;42;39;0;19.1;17298.8;26199.7;26377.3;29126.0;29388.5
Contaminado;42;39;0;19.1;17267.2;26213.1;26395.5;29322.2;29586.6
Contaminado;42;39;0;19.1;17446.0;26190.3;26380.3;29284.0;29553.7
Contaminado;42;39;0;19.1;17318.1;26199.0;26376.2;29129.2;29376.4
Contaminado;42;39;0;19.1;17273.4;26210.1;26392.4;29159.7;29413.5
Contaminado;42;39;0;19.1;17269.9;26212.9;26393.0;29156.3;29410.7
Contaminado;42;39;0;19.1;17604.5;26139.2;26330.4;29192.5;29432.0
Contaminado;42;39;0;19.1;17282.9;26201.7;26384.2;29137.4;29397.0
Contaminado;42;39;0;19.1;17290.9;26201.6;26381.8;29140.2;29390.6
Contaminado;42;39;0;19.1;17477.7;26185.6;26375.7;29285.8;29544.2
Contaminado;42;39;0;19.1;17275.2;26208.8;26388.4;29152.0;29407.4
Contaminado;42;39;0;19.1;17405.5;26196.1;26382.8;29112.6;29377.9
Contaminado;42;39;0;19.1;17253.5;26215.1;26396.4;29175.4;29431.5
Contaminado;42;39;0;19.1;17423.5;26187.7;26376.6;29303.6;29560.4
Contaminado;42;39;0;25.9;15803.8;25857.0;25919.0;28631.6;29008.0
Contaminado;42;39;0;25.9;15912.9;25858.4;25930.5;28681.9;29061.6
Contaminado;42;39;0;25.9;16093.3;25848.8;25932.6;28694.8;29068.1
Contaminado;42;39;0;25.9;15994.7;25853.0;25932.9;28689.3;29063.9
Contaminado;39;34;15;19.3;18768.3;25880.5;26069.2;28966.8;29270.4
Contaminado;39;34;15;19.3;18689.6;25892.5;26077.9;28952.4;29252.7
Contaminado;39;34;15;19.3;18688.6;25890.1;26074.6;28947.5;29248.4
Contaminado;39;34;15;19.3;18715.0;25896.4;26083.6;28988.4;29294.3
Contaminado;39;34;15;19.3;18678.0;25906.2;26095.0;29006.2;29309.4
Contaminado;39;34;15;19.3;18710.8;25896.4;26084.0;28990.2;29293.8
Contaminado;39;34;15;19.3;18711.2;25886.4;26070.2;28940.9;29239.0
Contaminado;39;34;15;19.3;18672.9;25909.0;26095.5;29008.2;29311.9
Contaminado;39;34;15;19.3;18720.3;25896.1;26082.7;28986.9;29291.1
Contaminado;39;34;15;19.3;18663.8;25909.5;26098.4;29012.5;29314.6
Contaminado;39;34;15;19.3;18730.5;25891.8;26080.6;28981.6;29287.6
Contaminado;39;34;15;19.3;18671.2;25908.4;26096.9;29008.0;29311.8
Contaminado;39;34;15;19.3;18791.5;25875.2;26061.2;28952.4;29261.2
Contaminado;39;34;15;19.3;18684.2;25905.2;26092.5;29001.1;29306.6
Contaminado;39;34;15;19.3;19001.5;25822.1;26011.2;28873.1;29175.2
Contaminado;39;34;15;19.3;18666.0;25907.9;26099.4;29009.7;29313.2
Contaminado;39;34;15;19.3;19064.9;25804.5;25994.9;28848.2;29150.8
Contaminado;39;34;15;19.3;18705.9;25898.7;26087.8;28992.9;29298.8
Contaminado;39;34;15;19.3;18737.2;25891.5;26078.1;28980.7;29284.3
Contaminado;39;34;15;19.3;18758.7;25882.4;26068.9;28967.3;29271.7
Contaminado;39;34;15;19.3;18858.5;25858.1;26047.0;28930.6;29235.3
Contaminado;39;34;15;19.3;18686.5;25904.7;26092.4;29001.8;29306.0
Contaminado;39;34;15;19.3;18679.7;25905.7;26093.1;29002.1;29303.0
Contaminado;39;34;15;19.3;18752.7;25876.5;26062.1;28955.4;29265.9
Contaminado;39;34;15;19.3;18701.9;25900.1;26087.1;28994.7;29300.5
Contaminado;39;34;15;19.3;18725.4;25895.0;26082.6;28985.4;29289.7
Contaminado;39;34;15;19.3;18819.9;25869.2;26055.1;28946.3;29250.7
Contaminado;39;34;15;19.3;18675.5;25907.2;26095.9;29006.1;29310.2
Contaminado;39;34;15;19.3;19308.7;25748.4;25942.6;28762.1;29062.9
Contaminado;39;34;15;19.3;18667.4;25908.3;26097.8;29010.5;29314.3
Contaminado;39;34;15;19.3;18698.8;25886.8;26071.9;28944.3;29247.4
Contaminado;39;34;15;19.3;18692.3;25903.7;26092.0;28997.8;29303.9
Contaminado;39;34;15;19.3;18913.3;25846.4;26034.3;28910.1;29206.6
Contaminado;39;34;15;19.3;18837.4;25862.9;26048.5;28933.1;29239.2
Contaminado;39;34;15;19.3;18689.4;25904.2;26091.8;29000.4;29304.3
Contaminado;39;34;15;19.3;18805.3;25871.7;26060.1;28950.5;29256.3
Contaminado;39;34;15;19.3;18681.4;25896.1;26080.5;28955.8;29251.1
Contaminado;39;34;15;19.3;18681.6;25904.4;26092.2;29000.4;29303.7
Contaminado;39;34;15;19.3;18697.8;25900.4;26088.7;28996.6;29301.0
Contaminado;39;34;15;19.3;18793.1;25863.8;26050.5;28938.5;29245.4
Contaminado;39;34;15;19.3;19161.9;25782.3;25972.6;28811.6;29111.9
Contaminado;39;34;15;19.3;18779.0;25879.9;26067.4;28962.1;29267.6
Contaminado;39;34;15;19.3;18675.1;25898.0;26083.7;28960.2;29262.3
Contaminado;39;34;15;19.3;18743.6;25888.4;26075.3;28976.6;29280.4
Contaminado;39;34;15;19.3;18882.3;25854.7;26040.4;28920.3;29217.4
Contaminado;39;34;15;21.5;18114.3;25945.3;26073.5;28801.4;29069.8
Contaminado;39;34;15;21.5;18286.2;25895.0;26028.1;28726.1;28992.4
Contaminado;39;34;15;21.5;18121.5;25939.6;26066.4;28791.1;29056.6
Contaminado;39;34;15;21.5;18096.6;25949.9;26075.3;28808.6;29076.2
Contaminado;39;34;15;21.5;18450.8;25849.1;25989.2;28665.3;28923.7
Contaminado;39;34;15;21.5;18148.8;25929.9;26058.2;28778.5;29041.4
Contaminado;39;34;15;21.5;18322.0;25882.4;26017.7;28709.8;28970.4
Contaminado;39;34;15;21.5;18604.5;25808.1;25953.2;28611.6;28874.5
Contaminado;39;34;15;21.5;18231.5;25907.0;26039.2;28746.8;29012.1
Contaminado;39;34;15;21.5;18131.4;25934.9;26063.2;28787.6;29052.9
Contaminado;39;34;15;21.5;18169.6;25926.1;26055.2;28770.0;29038.3
Contaminado;39;34;15;21.5;18373.2;25870.2;26007.6;28694.9;28955.4
Contaminado;39;34;15;21.5;18212.0;25911.8;26043.1;28755.8;29020.7
Contaminado;39;34;15;21.5;18102.8;25946.1;26072.9;28804.5;29071.6
Contaminado;39;34;15;21.5;18140.8;25931.1;26058.3;28781.4;29048.2
Contaminado;39;34;15;21.5;18257.2;25902.2;26034.6;28741.9;29006.7
Contaminado;39;34;15;21.5;18159.0;25928.5;26054.4;28773.9;29040.0
Contaminado;39;34;15;21.5;18108.2;25947.4;26072.7;28803.9;29071.6
Contaminado;39;34;15;21.5;18195.8;25919.0;26047.5;28762.7;29026.1
Contaminado;39;38;5;19.1;20870.3;23660.6;23866.0;25487.0;25601.1
Contaminado;39;38;5;19.1;20935.8;23632.5;23842.5;25468.9;25578.6
Contaminado;39;38;5;19.1;20866.3;23635.6;23869.2;25488.4;25597.8
Contaminado;39;38;5;19.1;22348.5;23532.1;23741.2;25252.8;25365.7
Contaminado;39;38;5;19.1;20847.0;23665.2;23874.3;25498.7;25607.4
Contaminado;39;38;5;19.1;20869.3;23633.9;23842.7;25464.1;25585.0
Contaminado;39;38;5;19.1;22327.4;23544.8;23750.0;25269.5;25381.1
Contaminado;39;38;5;19.1;22433.0;23523.1;23733.2;25241.0;25345.1
Contaminado;39;38;5;19.1;20875.1;23660.0;23867.8;25481.5;25592.1
Contaminado;39;38;5;19.1;21094.7;23636.5;23843.8;25441.8;25555.3
Contaminado;39;38;5;19.1;22273.9;23541.5;23751.3;25268.2;25377.5
Contaminado;39;38;5;19.1;20898.2;23641.8;23853.3;25458.9;25577.9
Contaminado;39;38;5;19.1;20918.2;23642.1;23853.0;25456.3;25567.7
Contaminado;39;38;5;19.1;20886.4;23651.9;23861.9;25482.0;25598.1
Contaminado;39;38;5;19.1;20910.9;23649.6;23858.5;25468.8;25579.9
Contaminado;39;38;5;19.1;21029.6;23644.4;23853.1;25449.7;25558.3
Contaminado;39;38;5;19.1;22399.5;23519.5;23726.9;25237.2;25343.4
Contaminado;39;38;5;19.1;22472.5;23524.1;23731.0;25239.3;25342.4
Contaminado;39;38;5;19.1;22350.5;23501.3;23700.2;25212.8;25332.5
Contaminado;39;38;5;19.1;20855.6;23658.5;23868.5;25490.6;25608.1
Contaminado;39;38;5;19.1;22299.6;23546.6;23754.1;25278.1;25390.0
Contaminado;39;38;5;19.1;20910.8;23643.7;23852.8;25446.5;25557.2
Contaminado;39;38;5;19.1;22266.0;23537.2;23744.1;25259.8;25368.8
Contaminado;39;38;5;19.1;21152.8;23632.3;23841.2;25436.4;25549.3
Contaminado;39;38;5;19.1;20857.0;23657.6;23865.7;25485.8;25601.1
Contaminado;39;38;5;19.1;20897.1;23649.2;23859.9;25472.6;25584.6
Contaminado;39;38;5;19.1;20848.7;23659.4;23870.5;25492.2;25603.0
Contaminado;39;38;5;19.1;21061.5;23640.4;23849.2;25446.9;25555.9
Contaminado;39;38;5;19.1;22370.9;23520.2;23726.6;25250.3;25367.7
Contaminado;39;38;5;19.1;20841.7;23663.8;23872.9;25499.2;25610.2
Contaminado;39;38;5;19.1;20966.5;23648.9;23859.5;25473.8;25588.0
Contaminado;39;38;5;19.1;20858.2;23663.4;23874.9;25496.7;25606.3
Contaminado;39;38;5;19.1;20886.8;23650.0;23861.3;25481.0;25602.9
Contaminado;39;38;5;19.1;22526.9;23521.6;23728.1;25242.1;25353.7
Contaminado;39;38;5;19.1;20862.4;23660.2;23869.6;25499.3;25608.7
Contaminado;39;38;5;19.1;20846.2;23661.7;23870.4;25494.1;25606.0
Contaminado;39;38;5;19.1;20847.8;23660.5;23869.7;25492.2;25608.9
Contaminado;39;38;5;19.1;21266.5;23612.6;23820.8;25403.9;25523.3
Contaminado;39;38;5;19.1;20905.7;23626.5;23839.7;25461.9;25579.7
Contaminado;39;38;5;19.1;22289.8;23541.0;23751.6;25276.2;25379.5
Contaminado;39;38;5;19.2;20927.1;23642.0;23851.2;25454.2;25562.0
Contaminado;39;38;5;19.2;20937.7;23635.0;23847.2;25445.4;25571.1
Contaminado;39;38;5;19.2;20949.9;23629.5;23840.1;25429.5;25543.8
Contaminado;39;38;5;19.2;20975.9;23634.2;23842.7;25431.0;25544.8
Contaminado;39;38;5;19.2;21007.5;23632.0;23840.8;25428.6;25538.4
Contaminado;39;38;5;19.2;20962.0;23649.5;23854.9;25462.7;25572.6
Contaminado;39;38;5;20.9;21014.8;23867.9;24080.6;25961.0;26097.7
Contaminado;39;38;5;20.9;21158.0;23806.5;24019.0;25831.7;25955.3
Contaminado;39;38;5;20.9;21135.1;23808.2;24021.1;25830.6;25955.1
Contaminado;39;38;5;20.9;21407.2;23779.1;23990.8;25797.0;25923.2
Contaminado;39;38;5;20.9;21054.8;23857.1;24068.5;25945.3;26083.1
Contaminado;39;38;5;20.9;21007.1;23872.5;24084.3;25968.7;26102.5
Contaminado;39;38;5;20.9;21000.7;23873.2;24084.7;25965.7;26096.7
Contaminado;39;38;5;20.9;21046.6;23860.6;24074.0;25951.3;26081.8
Contaminado;39;38;5;20.9;21071.0;23855.4;24066.6;25939.2;26077.2
Contaminado;39;38;5;20.9;21062.4;23857.6;24071.6;25948.5;26081.7
Contaminado;39;38;5;20.9;21129.2;23832.9;24045.1;25904.3;26036.9
Contaminado;39;38;5;20.9;21104.2;23841.0;24053.3;25915.4;26047.1
Contaminado;39;38;5;20.9;21039.1;23858.8;24071.8;25948.3;26083.5
Contaminado;39;38;5;20.9;21023.5;23863.1;24074.9;25952.9;26089.4
Contaminado;39;38;5;20.9;21326.5;23786.0;23997.4;25809.1;25937.7
Contaminado;39;38;5;20.9;21116.4;23839.9;24050.9;25912.4;26044.2
Contaminado;39;38;5;20.9;21230.3;23799.6;24010.7;25823.2;25955.4
Contaminado;39;38;5;20.9;21268.6;23793.9;24005.2;25823.5;25949.9
Contaminado;39;38;5;26.3;20148.4;24057.9;24287.0;26251.3;26405.4
Contaminado;39;38;5;26.3;20145.2;24060.6;24292.3;26292.6;26459.4
Contaminado;39;38;5;26.3;20144.7;24031.1;24263.7;26228.7;26400.6
Contaminado;39;38;5;26.3;20121.5;24045.4;24280.3;26260.6;26424.2
Contaminado;39;38;5;26.3;20136.9;24058.5;24290.4;26245.1;26397.0
Contaminado;38;41;0;16.5;21851.6;24669.6;24919.4;26691.2;26813.9
Contaminado;38;41;0;16.5;21737.3;24682.3;24933.2;26715.4;26841.2
Contaminado;38;41;0;16.5;21915.5;24663.0;24913.1;26674.5;26804.3
Contaminado;38;41;0;16.5;21729.7;24681.4;24932.9;26721.2;26844.0
Contaminado;38;41;0;16.5;21743.7;24689.0;24940.9;26704.8;26821.3
Contaminado;38;41;0;16.5;21741.8;24680.8;24931.9;26704.3;26824.6
Contaminado;38;41;0;16.5;21819.4;24674.7;24923.4;26698.6;26819.8
Contaminado;38;41;0;16.5;21745.3;24681.3;24932.0;26719.2;26844.9
Contaminado;38;41;0;16.5;21786.8;24671.2;24921.4;26702.8;26826.3
Contaminado;38;41;0;16.9;21455.7;24720.4;24971.9;26831.6;26962.4
Contaminado;38;41;0;16.9;21504.1;24712.9;24962.6;26813.1;26937.7
Contaminado;38;41;0;16.9;21447.5;24723.8;24973.4;26828.0;26955.3
Contaminado;38;41;0;16.9;21468.5;24717.3;24967.6;26825.9;26954.7
Contaminado;38;41;0;16.9;21448.9;24721.6;24970.4;26825.4;26950.8
Contaminado;38;41;0;16.9;21540.4;24705.3;24954.7;26802.2;26927.3
Contaminado;38;41;0;16.9;21474.9;24717.1;24967.7;26821.8;26948.6
Contaminado;38;41;0;16.9;21560.9;24705.9;24957.0;26799.0;26925.3
Contaminado;38;41;0;16.9;21615.3;24700.2;24951.6;26789.8;26915.4
Contaminado;38;41;0;17.0;21581.7;24710.1;24958.8;26746.8;26867.3
Contaminado;38;41;0;17.0;21526.2;24711.6;24959.9;26770.4;26893.3
Contaminado;38;41;0;17.0;21560.2;24709.9;24959.0;26760.5;26887.9
Contaminado;38;41;0;17.0;21495.0;24707.9;24957.3;26782.8;26909.3
Contaminado;38;41;0;17.0;21687.6;24703.3;24952.1;26728.7;26848.8
Contaminado;38;41;0;17.0;21487.4;24707.3;24956.0;26781.7;26908.7
Contaminado;38;41;0;17.0;21471.7;24707.5;24955.7;26785.6;26913.0
Contaminado;38;41;0;17.0;21468.4;24705.8;24954.0;26788.0;26912.3
Contaminado;38;41;0;17.0;21618.3;24710.7;24960.0;26734.7;26855.6
Contaminado;38;41;0;17.3;21414.9;24728.7;24976.4;26799.7;26924.7
Contaminado;38;41;0;17.3;21686.4;24696.4;24944.5;26740.3;26871.9
Contaminado;38;41;0;17.3;21402.2;24728.6;24977.5;26777.4;26898.6
Contaminado;38;41;0;17.3;21567.4;24711.7;24959.5;26780.8;26902.4
Contaminado;38;41;0;17.3;21471.7;24724.9;24974.8;26793.7;26917.0
Contaminado;38;41;0;17.3;21521.4;24715.1;24964.7;26777.7;26899.5
Contaminado;38;41;0;17.3;21426.7;24730.3;24979.8;26789.4;26911.8
Contaminado;38;41;0;17.3;21388.3;24731.3;24982.4;26791.9;26911.6
Contaminado;38;41;0;17.3;21398.4;24729.4;24979.8;26795.3;26914.1
Contaminado;38;41;0;17.7;21313.3;24745.6;25000.2;26812.3;26941.4
Contaminado;38;41;0;17.7;21333.9;24741.9;24997.7;26815.1;26940.7
Contaminado;38;41;0;17.7;21346.0;24742.4;24997.5;26794.6;26923.5
Contaminado;38;41;0;17.7;21456.4;24649.2;24901.4;26832.9;26976.2
Contaminado;38;41;0;17.7;21323.8;24752.1;25006.9;26835.8;26964.9
Contaminado;38;41;0;17.7;21348.6;24714.6;24973.0;26802.6;26937.7
Contaminado;38;41;0;17.7;21549.7;24635.1;24889.4;26768.8;26915.9
Contaminado;38;41;0;17.7;21367.5;24698.6;24951.8;26821.7;26966.6
Contaminado;38;41;0;17.7;21725.5;24595.8;24853.6;26713.4;26870.8
Contaminado;38;41;0;20.0;21056.7;24736.9;24986.0;26959.7;27097.6
Contaminado;38;41;0;20.0;21033.4;24739.2;24989.3;26967.4;27105.0
Contaminado;38;41;0;20.0;20934.9;24756.4;25004.9;26990.0;27122.5
Contaminado;38;41;0;20.0;20902.9;24759.5;25010.2;27001.6;27137.5
Contaminado;38;41;0;20.0;21160.3;24721.7;24970.2;26926.9;27061.5
Contaminado;38;41;0;20.0;20983.1;24746.1;24995.3;26973.6;27117.2
Contaminado;38;41;0;20.0;21117.7;24725.5;24975.9;26943.6;27078.7
Contaminado;38;41;0;20.0;21216.9;24711.8;24960.3;26920.4;27055.3
Contaminado;38;41;0;20.0;20909.5;24755.6;25007.8;26999.3;27135.3
Contaminado;38;41;0;20.0;20944.7;24752.9;25002.7;26989.3;27123.7
Contaminado;38;41;0;20.0;20969.1;24750.5;25000.3;26983.9;27120.4
Contaminado;38;41;0;20.0;20926.2;24753.7;25003.6;26995.0;27130.5
Contaminado;38;41;0;20.0;21084.5;24732.1;24981.5;26952.6;27088.0
Contaminado;38;41;0;20.0;21451.3;24679.8;24927.5;26870.1;27003.6
Contaminado;38;41;0;20.0;21014.6;24739.4;24990.0;26967.3;27104.4
Contaminado;38;41;0;20.0;20896.2;24755.4;25007.9;26995.6;27131.7
Contaminado;38;41;0;20.0;20916.9;24758.0;25007.9;26997.0;27131.8
Contaminado;38;41;0;20.0;20997.3;24747.3;24997.1;26977.5;27117.5
Contaminado;38;41;0;25.9;19819.6;24863.5;25092.3;27365.0;27586.0
Contaminado;38;41;0;25.9;19827.1;24849.2;25084.0;27377.5;27493.7
Contaminado;38;41;0;25.9;19836.9;24840.0;25067.9;27354.9;27578.5
Contaminado;38;41;0;25.9;19936.3;24836.9;25068.5;27267.5;27451.8
Contaminado;42;39;0;18.6;18709.9;25554.2;25737.0;28218.4;28430.2
Contaminado;42;39;0;18.6;18378.8;25671.5;25843.1;28400.2;28621.1
Contaminado;42;39;0;18.6;18302.7;25660.0;25826.3;28368.6;28583.8
Contaminado;42;39;0;18.6;18330.2;25675.4;25844.6;28397.4;28615.8
Contaminado;42;39;0;18.6;18311.2;25666.0;25835.5;28381.8;28602.4
Contaminado;42;39;0;18.6;18449.4;25649.5;25819.5;28373.0;28593.2
Contaminado;42;39;0;18.6;18452.5;25656.4;25827.8;28271.0;28474.4
Contaminado;42;39;0;18.6;18432.2;25700.4;25870.7;28348.1;28563.2
Contaminado;42;39;0;18.6;18403.7;25660.5;25834.6;28382.6;28609.3
Contaminado;42;39;0;18.6;18506.1;25592.3;25766.6;28146.6;28361.4
Contaminado;42;39;0;18.6;18321.2;25672.2;25841.4;28384.5;28602.5
Contaminado;42;39;0;18.6;18360.7;25675.2;25845.9;28402.2;28621.0
Contaminado;42;39;0;18.6;18467.7;25609.9;25785.5;28205.4;28410.2
Contaminado;42;39;0;18.6;18344.4;25673.9;25845.8;28399.4;28620.3
Contaminado;42;39;0;18.6;18494.0;25621.7;25794.7;28228.6;28435.5
Contaminado;42;39;0;18.7;17818.2;25782.9;25926.1;28524.0;28745.3
Contaminado;42;39;0;18.7;18623.9;25568.9;25749.9;28090.0;28282.8
Contaminado;42;39;0;18.7;17758.9;25799.2;25940.8;28544.7;28764.4
Contaminado;42;39;0;18.7;18097.3;25698.7;25852.6;28417.1;28644.2
Contaminado;42;39;0;18.7;18617.2;25610.9;25792.9;28293.7;28499.5
Contaminado;42;39;0;18.7;18530.7;25626.4;25801.2;28237.8;28442.9
Contaminado;42;39;0;18.7;18567.6;25618.0;25799.2;28303.2;28512.1
Contaminado;42;39;0;18.7;18653.7;25573.1;25754.2;28240.4;28445.9
Contaminado;42;39;0;18.7;18556.9;25633.0;25818.6;28243.7;28443.0
Contaminado;42;39;0;18.7;18595.5;25611.9;25792.6;28291.3;28500.3
Contaminado;42;39;0;18.7;18789.2;25567.3;25758.3;28146.9;28342.0
Contaminado;42;39;0;18.7;18625.6;25611.6;25795.5;28206.0;28402.2
Contaminado;42;39;0;18.7;18676.1;25569.0;25749.3;28236.4;28447.6
Contaminado;42;39;0;18.7;18570.0;25617.3;25799.4;28303.7;28510.8
Contaminado;42;39;0;18.7;17909.0;25748.8;25892.1;28471.8;28697.7
Contaminado;42;39;0;18.7;18644.9;25601.6;25786.3;28195.4;28390.3
Contaminado;42;39;0;18.7;18724.4;25579.9;25768.0;28160.8;28360.7
Contaminado;42;39;0;18.7;18894.7;25539.1;25730.5;28098.8;28295.5
Contaminado;42;39;0;18.7;18619.7;25592.7;25773.9;28270.0;28482.2
Contaminado;42;39;0;18.7;17782.9;25792.2;25934.5;28535.4;28754.9
Contaminado;42;39;0;18.7;18638.4;25598.9;25777.7;28197.3;28402.6
Contaminado;42;39;0;18.7;18621.9;25587.2;25768.0;28260.1;28470.4
Contaminado;42;39;0;18.7;18605.4;25613.8;25795.4;28297.0;28503.3
Contaminado;42;39;0;18.7;18610.4;25605.9;25786.9;28287.4;28497.3
Contaminado;42;39;0;18.7;18572.7;25612.3;25793.1;28294.4;28502.7
Contaminado;42;39;0;18.7;17848.2;25769.6;25913.2;28503.2;28726.6
Contaminado;42;39;0;18.7;18543.1;25561.1;25737.3;28136.4;28327.7
Contaminado;42;39;0;18.7;18581.3;25622.4;25803.8;28225.9;28419.2
Contaminado;42;39;0;18.7;18677.4;25593.6;25778.6;28182.4;28377.0
Contaminado;42;39;0;18.7;18635.4;25582.2;25763.7;28255.3;28465.6
Contaminado;42;39;0;18.7;18578.5;25611.0;25792.0;28293.2;28500.3
Contaminado;42;39;0;19.2;17695.8;26040.7;26221.0;29139.7;29428.9
Contaminado;42;39;0;19.2;17720.6;26029.0;26208.1;29110.6;29399.6
Contaminado;42;39;0;19.2;17673.4;26053.5;26234.9;29184.3;29461.9
Contaminado;42;39;0;19.2;17710.8;26031.0;26211.3;29120.6;29410.1
Contaminado;42;39;0;19.2;17788.8;26013.0;26193.1;29093.8;29385.7
Contaminado;42;39;0;19.2;17763.8;26015.2;26196.5;29090.0;29376.1
Contaminado;42;39;0;19.2;17746.1;26020.4;26202.6;29095.3;29383.6
Contaminado;42;39;0;19.2;17881.9;25982.1;26165.1;29047.0;29333.6
Contaminado;42;39;0;19.2;17813.2;26003.1;26182.9;29079.6;29364.5
Contaminado;42;39;0;19.2;17687.3;26040.1;26224.1;29143.7;29433.8
Contaminado;42;39;0;19.2;17844.6;25990.5;26170.8;29060.9;29346.9
Contaminado;42;39;0;19.2;18138.7;25896.0;26083.2;28904.4;29195.4
Contaminado;42;39;0;19.2;17673.9;26055.7;26240.4;29203.1;29494.6
Contaminado;42;39;0;19.2;17663.8;26057.3;26241.3;29214.5;29506.6
Contaminado;42;39;0;19.2;17667.4;26058.4;26241.8;29207.8;29497.4
Contaminado;42;39;0;19.2;17703.8;26032.7;26215.4;29129.7;29418.4
Contaminado;42;39;0;19.2;18011.4;25938.5;26124.0;28970.3;29252.0
Contaminado;42;39;0;19.2;17928.8;25961.6;26144.6;28998.1;29282.2
Contaminado;42;39;0;19.2;17677.9;26044.7;26224.1;29142.5;29432.0
Contaminado;39;34;15;19.1;18278.7;25882.4;26028.1;28833.7;29138.3
Contaminado;39;34;15;19.1;16680.1;26158.9;26292.6;29308.4;29683.6
Contaminado;39;34;15;19.1;17043.5;26086.0;26221.0;29198.6;29564.2
Contaminado;39;34;15;19.1;17862.6;25999.1;26144.0;29009.3;29319.7
Contaminado;39;34;15;19.1;17146.2;26060.9;26194.2;29160.5;29523.8
Contaminado;39;34;15;19.1;17886.7;25987.4;26131.7;28991.0;29302.6
Contaminado;39;34;15;19.1;16732.4;26140.5;26275.7;29283.8;29659.4
Contaminado;39;34;15;19.1;16597.0;26182.2;26320.4;29350.8;29724.9
Contaminado;39;34;15;19.1;17855.2;26004.5;26147.1;29015.2;29325.6
Contaminado;39;34;15;19.1;18020.3;25954.5;26097.8;28938.6;29248.1
Contaminado;39;34;15;19.1;17961.2;25969.5;26113.5;28964.3;29273.9
Contaminado;39;34;15;19.1;16637.1;26171.5;26307.0;29329.5;29705.0
Contaminado;39;34;15;19.1;17753.7;26024.5;26169.1;29053.2;29364.5
Contaminado;39;34;15;19.1;17086.2;26074.6;26210.6;29180.5;29545.0
Contaminado;39;34;15;19.1;17766.0;26022.6;26167.2;29045.1;29359.1
Contaminado;39;34;15;19.1;17778.0;26017.1;26160.2;29035.9;29349.2
Contaminado;39;34;15;19.1;17760.5;26022.5;26166.9;29048.1;29360.4
Contaminado;39;34;15;19.1;17772.0;26019.1;26162.7;29040.5;29357.4
Contaminado;39;34;15;19.1;17796.5;26014.4;26159.9;29032.0;29343.7
Contaminado;39;34;15;19.1;16828.1;26122.8;26257.1;29253.6;29630.2
Contaminado;39;34;15;19.1;17791.4;26014.7;26157.6;29031.8;29343.7
Contaminado;39;34;15;19.1;17728.3;26014.3;26163.1;29122.3;29465.9
Contaminado;39;34;15;19.1;16616.9;26179.3;26314.3;29341.5;29718.3
Contaminado;39;34;15;19.1;17816.3;26008.7;26153.7;29024.8;29336.7
Contaminado;39;34;15;19.1;17178.8;26052.4;26185.4;29144.5;29508.3
Contaminado;39;34;15;19.1;17843.4;26005.9;26149.8;29016.5;29326.9
Contaminado;39;34;15;19.1;18184.9;25905.5;26049.9;28867.4;29172.5
Contaminado;39;34;15;19.1;16625.9;26173.6;26309.4;29332.6;29707.9
Contaminado;39;34;15;19.1;17825.0;26007.9;26153.2;29022.2;29334.3
Contaminado;39;34;15;19.1;17916.5;25978.5;26121.3;28977.3;29286.5
Contaminado;39;34;15;19.1;16651.3;26165.5;26300.1;29318.8;29694.2
Contaminado;39;34;15;19.1;17059.7;26082.4;26218.2;29192.8;29559.0
Contaminado;39;34;15;19.1;16607.2;26179.7;26316.7;29344.3;29720.3
Contaminado;39;34;15;19.1;17227.4;26037.6;26171.9;29125.1;29487.4
Contaminado;39;34;15;19.1;18119.8;25921.2;26065.5;28893.2;29200.5
Contaminado;39;34;15;19.1;17989.2;25961.2;26105.4;28951.1;29260.1
Contaminado;39;34;15;19.1;17938.0;25974.1;26116.6;28973.8;29282.8
Contaminado;39;34;15;19.1;17833.9;26005.7;26148.7;29016.2;29327.3
Contaminado;39;34;15;19.1;17807.9;26012.0;26156.4;29028.9;29339.9
Contaminado;39;34;15;19.1;18065.8;25939.0;26081.8;28917.3;29226.8
Contaminado;39;34;15;19.1;17373.9;26001.3;26138.8;29077.2;29441.9
Contaminado;39;34;15;19.1;17025.0;26087.2;26221.7;29201.7;29570.3
Contaminado;39;34;15;19.1;16701.8;26149.9;26282.4;29294.9;29668.0
Contaminado;39;34;15;19.1;17803.3;26011.3;26154.5;29025.9;29334.4
Contaminado;39;34;15;19.1;17110.5;26072.0;26204.5;29176.2;29533.7
Contaminado;39;34;15;19.1;17034.4;26088.7;26223.1;29202.3;29569.1
Contaminado;39;34;15;21.5;16390.5;26202.2;26252.8;28922.9;29214.8
Contaminado;39;34;15;21.5;16368.2;26209.6;26260.5;28941.4;29231.3
Contaminado;39;34;15;21.5;16532.7;26166.8;26216.9;28825.7;29091.8
Contaminado;39;34;15;21.5;16364.1;26213.0;26264.4;28943.4;29233.7
Contaminado;39;34;15;21.5;16384.7;26206.0;26254.7;28930.5;29216.8
Contaminado;39;34;15;21.5;16399.0;26197.9;26246.6;28884.6;29190.6
Contaminado;39;34;15;21.5;16405.4;26197.0;26245.3;28871.9;29145.2
Contaminado;39;34;15;21.5;16479.4;26171.4;26218.0;28835.5;29103.1
Contaminado;39;34;15;21.5;16498.0;26172.2;26222.7;28832.1;29097.8
Contaminado;39;34;15;21.5;16442.5;26182.4;26230.2;28855.6;29127.1
Contaminado;39;34;15;21.5;16378.3;26205.1;26256.0;28929.6;29217.6
Contaminado;39;34;15;21.5;16373.5;26209.0;26259.7;28935.8;29225.7
Contaminado;39;34;15;21.5;16430.9;26185.4;26233.7;28860.5;29128.9
Contaminado;39;34;15;21.5;16452.8;26179.7;26228.3;28848.8;29116.0
Contaminado;39;34;15;21.5;16411.9;26192.2;26241.3;28864.9;29132.6
Contaminado;39;34;15;21.5;16396.8;26201.8;26251.9;28915.3;29203.3
Contaminado;39;34;15;21.5;16466.8;26176.9;26226.5;28842.6;29111.9
Contaminado;39;34;15;21.5;16357.3;26214.9;26266.7;28948.1;29240.5
Contaminado;39;38;5;19.2;21601.3;23664.6;23875.4;25401.8;25512.0
Contaminado;39;38;5;19.2;21609.2;23666.0;23876.1;25399.6;25510.6
Contaminado;39;38;5;19.2;21755.6;23654.9;23866.7;25393.8;25504.5
Contaminado;39;38;5;19.2;21915.7;23622.1;23836.6;25338.1;25450.5
Contaminado;39;38;5;19.2;20994.2;23745.0;23958.5;25565.8;25683.3
Contaminado;39;38;5;19.2;21719.1;23666.4;23878.2;25411.0;25523.4
Contaminado;39;38;5;19.2;20581.3;23772.6;23985.5;25585.0;25698.3
Contaminado;39;38;5;19.2;21858.6;23644.4;23854.6;25358.0;25471.5
Contaminado;39;38;5;19.2;21618.5;23670.6;23878.4;25401.4;25511.7
Contaminado;39;38;5;19.2;20542.4;23803.8;24014.4;25641.7;25756.1
Contaminado;39;38;5;19.2;21558.5;23671.2;23882.2;25408.4;25520.9
Contaminado;39;38;5;19.2;21593.4;23662.7;23872.3;25396.7;25503.0
Contaminado;39;38;5;19.2;20464.8;23816.0;24028.6;25663.6;25771.2
Contaminado;39;38;5;19.2;20518.9;23789.3;24004.2;25612.7;25726.5
Contaminado;39;38;5;19.2;21585.6;23658.3;23873.2;25396.7;25504.7
Contaminado;39;38;5;19.2;21668.2;23676.3;23888.0;25422.0;25533.8
Contaminado;39;38;5;19.2;20522.2;23806.4;24018.7;25649.2;25761.9
Contaminado;39;38;5;19.2;21588.2;23659.3;23870.0;25393.8;25495.5
Contaminado;39;38;5;19.2;21983.2;23619.2;23832.5;25336.9;25437.9
Contaminado;39;38;5;19.2;20542.5;23783.4;23996.8;25599.1;25711.7
Contaminado;39;38;5;19.2;20506.3;23809.1;24022.1;25652.0;25768.8
Contaminado;39;38;5;19.2;21636.4;23668.3;23884.1;25426.3;25529.7
Contaminado;39;38;5;19.2;20493.9;23813.6;24025.0;25655.4;25770.7
Contaminado;39;38;5;19.2;21680.4;23673.8;23883.3;25417.9;25530.2
Contaminado;39;38;5;19.2;21785.7;23646.1;23859.0;25384.1;25494.7
Contaminado;39;38;5;19.2;20464.7;23797.6;24012.3;25622.9;25734.3
Contaminado;39;38;5;19.2;21734.6;23664.0;23876.6;25402.9;25518.3
Contaminado;39;38;5;19.2;21655.2;23674.9;23887.4;25421.2;25533.0
Contaminado;39;38;5;19.2;20648.8;23788.9;24001.3;25622.6;25736.7
Contaminado;39;38;5;19.2;21644.6;23670.3;23882.3;25413.0;25524.5
Contaminado;39;38;5;19.2;20529.0;23790.4;24005.2;25610.7;25723.6
Contaminado;39;38;5;19.2;20453.4;23820.6;24032.3;25665.5;25770.5
Contaminado;39;38;5;19.2;20567.2;23799.5;24011.5;25639.5;25750.7
Contaminado;39;38;5;19.2;20457.7;23815.0;24026.3;25658.4;25770.8
Contaminado;39;38;5;19.2;20419.2;23796.3;24009.1;25614.5;25727.0
Contaminado;39;38;5;19.2;20448.9;23792.4;24007.8;25617.8;25753.8
Contaminado;39;38;5;19.2;21585.3;23663.5;23872.9;25396.3;25510.2
Contaminado;39;38;5;19.2;20743.5;23775.8;23988.8;25604.4;25718.6
Contaminado;39;38;5;19.2;20427.8;23796.3;24008.1;25615.4;25732.3
Contaminado;39;38;5;19.2;20472.7;23816.1;24025.9;25662.2;25773.3
Contaminado;39;38;5;19.2;21564.9;23669.3;23881.0;25407.6;25519.7
Contaminado;39;38;5;19.2;21574.2;23668.5;23880.3;25405.7;25516.9
Contaminado;39;38;5;19.2;21535.8;23692.5;23905.2;25454.9;25568.1
Contaminado;39;38;5;19.2;21699.3;23673.9;23885.9;25417.9;25526.5
Contaminado;39;38;5;19.2;20597.7;23796.3;24006.7;25627.9;25744.2
Contaminado;39;38;5;20.8;21101.9;23908.5;24123.2;25920.0;26042.1
Contaminado;39;38;5;20.8;20872.0;23952.8;24172.0;25984.8;26107.2
Contaminado;39;38;5;20.8;20851.2;23959.5;24177.8;25993.9;26111.8
Contaminado;39;38;5;20.8;21460.7;23858.2;24072.6;25843.6;25966.7
Contaminado;39;38;5;20.8;20983.9;23926.7;24145.7;25947.6;26072.5
Contaminado;39;38;5;20.8;21657.8;23836.6;24050.4;25808.3;25932.6
Contaminado;39;38;5;20.8;21149.2;23899.9;24115.3;25903.0;26023.9
Contaminado;39;38;5;20.8;20886.5;23948.4;24166.1;25975.6;26099.7
Contaminado;39;38;5;20.8;21199.2;23891.4;24107.2;25898.3;26020.3
Contaminado;39;38;5;20.8;20861.9;23956.7;24171.7;25982.9;26106.5
Contaminado;39;38;5;20.8;21060.4;23913.9;24129.3;25924.8;26047.8
Contaminado;39;38;5;20.8;20943.8;23935.7;24153.7;25961.3;26086.6
Contaminado;39;38;5;20.8;21012.5;23922.8;24139.0;25936.9;26060.4
Contaminado;39;38;5;20.8;20839.3;23960.4;24178.9;25996.3;26119.8
Contaminado;39;38;5;20.8;20965.6;23933.2;24150.0;25953.3;26077.1
Contaminado;39;38;5;20.8;20927.0;23940.7;24159.3;25966.3;26089.3
Contaminado;39;38;5;20.8;21256.6;23885.7;24101.1;25885.0;26010.8
Contaminado;39;38;5;20.8;20894.4;23948.9;24165.7;25976.5;26098.3
Contaminado;38;41;0;17.6;20035.2;24980.9;25240.4;27344.4;27501.0
Contaminado;38;41;0;17.6;19975.9;24983.1;25242.0;27350.3;27517.4
Contaminado;38;41;0;17.6;20206.0;24956.5;25217.4;27310.3;27469.6
Contaminado;38;41;0;17.6;20015.8;24981.3;25240.0;27347.4;27505.7
Contaminado;38;41;0;17.6;20088.7;24975.1;25235.8;27338.3;27493.9
Contaminado;38;41;0;17.6;19987.5;24982.9;25242.0;27349.9;27509.2
Contaminado;38;41;0;17.6;20059.7;24978.8;25238.0;27339.2;27496.7
Contaminado;38;41;0;17.6;20378.4;24929.8;25190.5;27269.1;27430.9
Contaminado;38;41;0;17.6;20000.3;24983.4;25242.6;27351.1;27509.4
Contaminado;38;41;0;17.9;20155.8;24969.7;25226.1;27327.8;27488.7
Contaminado;38;41;0;17.9;20132.5;24970.1;25225.8;27324.5;27485.4
Contaminado;38;41;0;17.9;20138.3;24967.4;25226.6;27328.1;27487.2
Contaminado;38;41;0;17.9;20147.2;24968.1;25226.7;27329.9;27492.3
Contaminado;38;41;0;17.9;20769.1;24803.9;25059.6;27076.4;27239.6
Contaminado;38;41;0;17.9;20200.3;24965.3;25223.9;27331.9;27490.1
Contaminado;38;41;0;17.9;20114.9;24972.6;25231.0;27335.0;27494.8
Contaminado;38;41;0;17.9;20170.7;24964.6;25225.9;27333.9;27490.3
Contaminado;38;41;0;17.9;20881.4;24781.3;25037.6;27048.6;27204.4
Contaminado;38;41;0;17.9;20504.6;24849.2;25105.9;27154.5;27306.7
Contaminado;38;41;0;17.9;20429.7;24854.9;25109.7;27162.7;27325.6
Contaminado;38;41;0;17.9;20549.5;24836.2;25090.0;27122.1;27282.3
Contaminado;38;41;0;17.9;20675.8;24819.9;25076.2;27097.9;27254.2
Contaminado;38;41;0;17.9;20108.0;24974.4;25233.8;27337.3;27495.8
Contaminado;38;41;0;17.9;21060.8;24729.3;24983.3;26986.6;27161.2
Contaminado;38;41;0;17.9;20124.2;24966.6;25225.5;27326.3;27491.5
Contaminado;38;41;0;17.9;20604.6;24831.3;25085.9;27110.8;27270.0
Contaminado;38;41;0;17.9;20461.4;24853.5;25108.7;27159.5;27320.0
Contaminado;38;41;0;18.0;20510.9;24889.2;25150.7;27239.6;27402.3
Contaminado;38;41;0;18.0;20547.7;24898.0;25159.2;27237.1;27400.9
Contaminado;38;41;0;18.0;20234.6;24952.1;25212.0;27314.9;27479.3
Contaminado;38;41;0;18.0;20498.5;24893.8;25150.2;27241.1;27406.3
Contaminado;38;41;0;18.0;20640.9;24853.9;25109.1;27179.8;27347.1
Contaminado;38;41;0;18.0;20924.9;24793.9;25052.6;27075.2;27241.6
Contaminado;38;41;0;18.0;20758.3;24827.9;25088.1;27137.0;27306.9
Contaminado;38;41;0;18.0;20470.4;24906.9;25163.7;27259.2;27420.3
Contaminado;38;41;0;18.0;20483.8;24901.0;25156.7;27249.8;27413.1
Contaminado;38;41;0;18.0;20300.6;24942.5;25199.6;27303.2;27463.2
Contaminado;38;41;0;18.0;20534.4;24884.3;25141.5;27226.3;27388.3
Contaminado;38;41;0;18.0;20262.1;24949.7;25208.1;27309.1;27474.1
Contaminado;38;41;0;18.0;20339.7;24932.0;25194.7;27285.3;27445.4
Contaminado;38;41;0;18.0;20393.7;24926.2;25186.1;27273.6;27437.9
Contaminado;38;41;0;18.0;20687.1;24846.3;25105.4;27171.8;27341.1
Contaminado;38;41;0;18.0;20610.5;24860.9;25117.9;27191.4;27353.7
Contaminado;38;41;0;18.0;20218.7;24956.8;25218.4;27326.2;27482.8
Contaminado;38;41;0;18.0;20457.7;24913.5;25171.2;27260.5;27423.7
Contaminado;38;41;0;18.0;20752.9;24856.4;25114.9;27180.4;27347.1
Contaminado;38;41;0;19.9;20465.6;24884.7;25133.5;27198.8;27363.0
Contaminado;38;41;0;19.9;20203.9;24931.8;25180.3;27280.4;27435.2
Contaminado;38;41;0;19.9;19958.5;24984.6;25232.5;27363.7;27518.5
Contaminado;38;41;0;19.9;20259.3;24919.6;25167.2;27258.6;27417.7
Contaminado;38;41;0;19.9;20337.7;24910.3;25156.8;27247.3;27400.1
Contaminado;38;41;0;19.9;19927.0;24986.8;25235.7;27376.4;27531.1
Contaminado;38;41;0;19.9;19969.8;24981.4;25228.8;27357.4;27513.2
Contaminado;38;41;0;19.9;19941.9;24984.6;25231.7;27362.4;27518.6
Contaminado;38;41;0;19.9;20039.5;24959.2;25207.3;27317.1;27465.0
Contaminado;38;41;0;19.9;20098.5;24952.1;25199.7;27296.5;27445.2
Contaminado;38;41;0;19.9;19949.3;24984.1;25232.3;27361.2;27516.7
Contaminado;38;41;0;19.9;19934.7;24985.1;25232.0;27365.2;27523.9
Contaminado;38;41;0;19.9;19979.2;24978.3;25228.9;27354.4;27508.8
Contaminado;38;41;0;19.9;19995.5;24972.2;25220.2;27334.3;27498.3
Contaminado;38;41;0;19.9;20074.9;24954.5;25201.4;27305.6;27458.3
Contaminado;38;41;0;19.9;20056.0;24960.7;25208.5;27316.7;27467.1
Contaminado;38;41;0;19.9;20161.9;24939.9;25183.2;27288.1;27438.0
Contaminado;38;41;0;19.9;20128.9;24945.6;25193.6;27286.2;27432.5
Contaminado;38;41;0;19.9;20010.0;24966.1;25214.1;27331.5;27482.3
Contaminado;38;41;0;25.6;18637.8;25182.3;25391.4;27826.3;28173.0
Contaminado;38;41;0;25.6;18709.8;25143.2;25358.9;27886.2;28159.9
Contaminado;38;41;0;25.6;18696.9;25153.1;25366.8;27786.6;28161.8
Contaminado;38;41;0;25.6;18618.6;25168.9;25372.6;27811.6;28036.1
Contaminado;38;41;0;25.6;18795.3;25114.3;25326.8;27788.5;28040.5
Contaminado;42;39;0;18.8;18372.4;25603.0;25747.2;28186.5;28400.0
Contaminado;42;39;0;18.8;17301.0;25791.0;25880.9;28381.4;28611.3
Contaminado;42;39;0;18.8;17314.5;25816.1;25912.1;28445.8;28687.2
Contaminado;42;39;0;18.8;18355.9;25606.2;25752.5;28190.0;28404.1
Contaminado;42;39;0;18.8;17301.6;25820.8;25908.9;28433.9;28668.5
Contaminado;42;39;0;18.8;18345.6;25613.0;25757.0;28190.6;28406.8
Contaminado;42;39;0;18.8;18340.0;25608.2;25755.3;28189.9;28403.2
Contaminado;42;39;0;18.8;18467.7;25569.9;25716.6;28142.0;28354.1
Contaminado;42;39;0;18.8;18383.8;25604.9;25749.1;28190.8;28403.4
Contaminado;42;39;0;18.8;17141.9;25842.2;25926.9;28445.3;28678.5
Contaminado;42;39;0;18.8;17505.3;25797.9;25907.0;28412.0;28629.8
Contaminado;42;39;0;18.8;17321.5;25807.6;25901.5;28422.4;28656.8
Contaminado;42;39;0;18.8;17262.8;25831.8;25920.6;28449.8;28686.1
Contaminado;42;39;0;18.8;18334.0;25610.4;25755.9;28195.1;28407.1
Contaminado;42;39;0;18.8;18392.2;25603.8;25747.8;28185.8;28400.8
Contaminado;42;39;0;18.8;17103.0;25866.6;25951.5;28497.7;28736.1
Contaminado;42;39;0;18.8;17213.7;25819.3;25904.5;28419.0;28654.1
Contaminado;42;39;0;18.8;17354.4;25798.0;25889.2;28402.7;28636.5
Contaminado;42;39;0;18.8;18421.2;25589.1;25733.5;28164.7;28379.7
Contaminado;42;39;0;18.8;18449.1;25579.6;25720.4;28146.4;28361.3
Contaminado;42;39;0;18.8;18332.6;25610.9;25757.1;28195.6;28406.5
Contaminado;42;39;0;18.8;18494.7;25568.3;25707.2;28135.2;28346.9
Contaminado;42;39;0;18.8;17452.9;25809.7;25916.1;28421.8;28643.7
Contaminado;42;39;0;18.8;17455.1;25773.7;25869.6;28373.6;28612.9
Contaminado;42;39;0;18.8;17547.6;25721.7;25823.0;28303.6;28538.3
Contaminado;42;39;0;18.8;18311.6;25638.7;25789.3;28232.6;28451.9
Contaminado;42;39;0;18.8;17282.1;25827.2;25916.0;28443.5;28676.6
Contaminado;42;39;0;18.8;18780.0;25523.5;25698.4;28096.8;28320.7
Contaminado;42;39;0;18.8;17097.8;25852.4;25935.6;28460.6;28697.5
Contaminado;42;39;0;18.8;18396.7;25600.5;25746.3;28181.0;28390.9
Contaminado;42;39;0;18.8;18353.7;25607.7;25753.3;28195.1;28407.2
Contaminado;42;39;0;18.8;18472.0;25601.4;25757.5;28185.7;28399.8
Contaminado;42;39;0;18.8;18638.1;25529.7;25678.5;28083.0;28301.0
Contaminado;42;39;0;18.8;18435.0;25580.9;25725.5;28152.4;28367.5
Contaminado;42;39;0;18.8;18336.6;25611.7;25757.2;28196.7;28406.7
Contaminado;42;39;0;18.8;17168.6;25850.9;25935.3;28475.2;28711.3
Contaminado;42;39;0;18.8;18827.4;25476.3;25631.3;28018.8;28235.9
Contaminado;42;39;0;18.8;18365.2;25607.2;25752.4;28193.3;28407.0
Contaminado;42;39;0;18.8;18360.3;25605.8;25749.8;28189.9;28402.6
Contaminado;42;39;0;18.8;18567.5;25548.4;25695.6;28110.6;28322.6
Contaminado;42;39;0;18.8;18524.3;25556.9;25702.9;28120.0;28335.2
Contaminado;42;39;0;18.8;17170.6;25831.2;25915.8;28429.5;28660.1
Contaminado;42;39;0;18.8;17576.0;25759.8;25868.0;28353.1;28579.6
Contaminado;42;39;0;18.8;18348.9;25609.2;25755.7;28194.3;28406.0
Contaminado;42;39;0;18.8;17248.2;25836.7;25926.0;28457.5;28691.6
Contaminado;42;39;0;19.1;17817.4;25924.0;26083.8;28997.6;29306.5
Contaminado;42;39;0;19.1;17512.5;25990.2;26141.7;29083.4;29393.0
Contaminado;42;39;0;19.1;17424.2;26006.7;26157.2;29096.6;29409.0
Contaminado;42;39;0;19.1;17473.6;26001.0;26152.4;29098.9;29414.3
Contaminado;42;39;0;19.1;17582.0;25975.7;26131.9;29074.2;29380.9
Contaminado;42;39;0;19.1;17449.6;26001.9;26153.7;29095.0;29406.6
Contaminado;42;39;0;19.1;17635.2;25970.9;26126.8;29072.6;29384.0
Contaminado;42;39;0;19.1;17498.3;25993.9;26147.7;29090.4;29396.4
Contaminado;42;39;0;19.1;17543.3;25986.3;26142.9;29082.4;29387.1
Contaminado;42;39;0;19.1;17528.1;25985.8;26140.9;29079.1;29380.9
Contaminado;42;39;0;19.1;17562.3;25978.2;26132.9;29069.2;29377.6
Contaminado;42;39;0;19.1;17484.5;25998.5;26149.9;29094.6;29408.7
Contaminado;42;39;0;19.1;17755.4;25942.3;26102.4;29031.0;29348.5
Contaminado;42;39;0;19.1;17707.0;25951.1;26112.5;29041.0;29355.5
Contaminado;42;39;0;19.1;17906.5;25898.8;26062.0;28958.7;29268.3
Contaminado;42;39;0;19.1;18049.4;25869.5;26036.0;28912.9;29219.7
Contaminado;42;39;0;19.1;17463.1;26000.3;26154.4;29096.7;29409.4
Contaminado;42;39;0;19.1;17668.7;25958.0;26119.2;29057.5;29366.7
Contaminado;39;34;15;19.2;17111.8;26036.8;26160.8;28954.7;29289.6
Contaminado;39;34;15;19.2;16640.8;26174.9;26292.6;29224.3;29558.4
Contaminado;39;34;15;19.2;16649.9;26177.0;26294.1;29223.8;29558.2
Contaminado;39;34;15;19.2;16579.2;26197.3;26316.2;29261.2;29593.9
Contaminado;39;34;15;19.2;16653.2;26175.9;26292.7;29222.7;29556.5
Contaminado;39;34;15;19.2;16594.0;26199.9;26319.3;29262.9;29594.8
Contaminado;39;34;15;19.2;16731.6;26158.5;26273.8;29159.6;29489.7
Contaminado;39;34;15;19.2;16930.0;26105.6;26222.1;29069.7;29403.4
Contaminado;39;34;15;19.2;16625.7;26192.3;26308.6;29247.6;29579.0
Contaminado;39;34;15;19.2;16601.5;26191.4;26309.4;29247.6;29580.3
Contaminado;39;34;15;19.2;16804.8;26136.0;26252.3;29126.9;29453.3
Contaminado;39;34;15;19.2;16787.3;26139.4;26254.5;29131.2;29456.0
Contaminado;39;34;15;19.2;16619.4;26192.6;26310.8;29248.9;29580.1
Contaminado;39;34;15;19.2;16585.6;26198.3;26318.7;29262.2;29594.6
Contaminado;39;34;15;19.2;16597.2;26200.2;26316.9;29262.1;29593.0
Contaminado;39;34;15;19.2;16721.0;26157.7;26274.9;29163.2;29491.1
Contaminado;39;34;15;19.2;16636.0;26175.8;26294.3;29226.1;29564.6
Contaminado;39;34;15;19.2;16829.8;26128.5;26243.6;29113.5;29441.6
Contaminado;39;34;15;19.2;16599.0;26195.2;26314.4;29257.0;29590.3
Contaminado;39;34;15;19.2;16587.2;26196.7;26317.6;29261.8;29593.9
Contaminado;39;34;15;19.2;16659.7;26170.5;26287.5;29215.7;29549.3
Contaminado;39;34;15;19.2;16769.2;26143.6;26263.5;29140.5;29469.1
Contaminado;39;34;15;19.2;16644.4;26177.0;26292.3;29223.1;29557.9
Contaminado;39;34;15;19.2;16667.8;26171.9;26287.2;29209.0;29539.6
Contaminado;39;34;15;19.2;16576.2;26197.4;26317.3;29259.3;29592.4
Contaminado;39;34;15;19.2;17032.9;26077.2;26191.7;28989.2;29323.5
Contaminado;39;34;15;19.2;16711.0;26162.6;26276.3;29167.0;29494.3
Contaminado;39;34;15;19.2;16628.2;26187.6;26303.9;29241.4;29577.0
Contaminado;39;34;15;19.2;16627.7;26182.1;26302.8;29239.1;29574.6
Contaminado;39;34;15;19.2;16616.2;26193.0;26310.4;29248.1;29580.5
Contaminado;39;34;15;19.2;16624.8;26190.3;26307.2;29246.1;29579.8
Contaminado;39;34;15;19.2;16605.3;26189.4;26308.0;29249.8;29581.5
Contaminado;39;34;15;19.2;16743.6;26155.1;26272.5;29160.6;29490.3
Contaminado;39;34;15;19.2;16583.3;26197.3;26316.8;29260.1;29589.2
Contaminado;39;34;15;19.2;16680.6;26168.0;26282.0;29201.6;29525.8
Contaminado;39;34;15;19.2;16676.4;26169.2;26284.5;29203.6;29534.8
Contaminado;39;34;15;19.2;16976.9;26094.1;26210.4;29030.6;29372.5
Contaminado;39;34;15;19.2;16751.5;26150.0;26266.8;29152.5;29479.9
Contaminado;39;34;15;19.2;16610.6;26192.5;26310.3;29248.9;29581.8
Contaminado;39;34;15;19.2;16890.3;26113.2;26230.9;29093.0;29419.6
Contaminado;39;34;15;19.2;16580.9;26199.6;26320.0;29263.6;29596.3
Contaminado;39;34;15;19.2;16590.9;26198.7;26318.3;29261.5;29589.2
Contaminado;39;34;15;19.2;16699.8;26160.0;26273.3;29183.2;29515.0
Contaminado;39;34;15;19.2;16578.0;26197.0;26316.4;29258.4;29589.7
Contaminado;39;34;15;19.2;16688.3;26163.0;26277.5;29195.5;29526.3
Contaminado;39;34;15;21.5;16098.6;26024.2;26075.1;28632.0;28861.8
Contaminado;39;34;15;21.5;16087.2;26025.7;26074.7;28620.6;28876.5
Contaminado;39;34;15;21.5;16050.6;26034.6;26083.3;28627.0;28880.1
Contaminado;39;34;15;21.5;16030.5;26044.9;26092.9;28632.9;28895.1
Contaminado;39;34;15;21.5;16143.6;26011.9;26061.1;28606.9;28877.3
Contaminado;39;34;15;21.5;16127.3;26014.2;26061.8;28616.1;28880.8
Contaminado;39;34;15;21.5;16512.7;25918.6;25967.5;28545.2;28812.1
Contaminado;39;34;15;21.5;16167.9;26006.2;26052.8;28605.7;28858.3
Contaminado;39;34;15;21.5;16024.6;26045.3;26094.3;28645.1;28907.9
Contaminado;39;34;15;21.5;16077.0;26032.8;26081.7;28633.6;28874.0
Contaminado;39;34;15;21.5;16335.5;25964.7;26014.5;28599.6;28868.7
Contaminado;39;34;15;21.5;16112.1;26018.8;26067.2;28628.9;28881.3
Contaminado;39;34;15;21.5;16057.5;26034.3;26082.7;28618.2;28870.4
Contaminado;39;34;15;21.5;16037.1;26042.4;26090.6;28633.2;28889.7
Contaminado;39;34;15;21.5;16285.4;25977.9;26028.0;28608.2;28880.1
Contaminado;39;34;15;21.5;16245.8;25987.5;26034.3;28622.7;28877.9
Contaminado;39;34;15;21.5;16066.4;26032.6;26082.3;28624.8;28870.3
Contaminado;39;34;15;21.5;16408.4;25943.4;25992.5;28575.0;28843.8
Contaminado;39;38;5;19.2;20871.0;23850.2;24063.3;25682.0;25799.4
Contaminado;39;38;5;19.2;20893.5;23851.3;24065.3;25685.1;25801.6
Contaminado;39;38;5;19.2;22147.0;23659.4;23869.6;25353.5;25459.3
Contaminado;39;38;5;19.2;21192.3;23800.9;24014.0;25611.6;25722.5
Contaminado;39;38;5;19.2;20878.7;23849.1;24060.8;25678.8;25800.6
Contaminado;39;38;5;19.2;21207.0;23797.2;24007.1;25602.4;25716.8
Contaminado;39;38;5;19.2;21223.8;23796.7;24008.8;25604.2;25720.2
Contaminado;39;38;5;19.2;22511.5;23639.2;23849.1;25332.4;25441.2
Contaminado;39;38;5;19.2;21156.3;23806.0;24018.8;25622.1;25737.6
Contaminado;39;38;5;19.2;22192.8;23653.4;23864.3;25347.5;25454.8
Contaminado;39;38;5;19.2;21135.6;23805.2;24017.3;25617.9;25748.4
Contaminado;39;38;5;19.2;22210.9;23650.0;23860.4;25341.1;25447.1
Contaminado;39;38;5;19.2;22267.2;23644.6;23855.1;25334.0;25434.2
Contaminado;39;38;5;19.2;22066.2;23650.5;23869.8;25387.8;25507.3
Contaminado;39;38;5;19.2;20899.1;23849.4;24062.6;25679.0;25796.7
Contaminado;39;38;5;19.2;21438.9;23752.3;23964.3;25522.3;25647.5
Contaminado;39;38;5;19.2;21244.7;23794.9;24007.2;25601.2;25716.2
Contaminado;39;38;5;19.2;20861.5;23853.4;24065.8;25687.7;25805.6
Contaminado;39;38;5;19.2;22236.2;23650.9;23860.2;25339.8;25447.8
Contaminado;39;38;5;19.2;22896.9;23599.7;23809.9;25270.8;25382.8
Contaminado;39;38;5;19.2;22677.4;23621.9;23831.8;25306.6;25413.6
Contaminado;39;38;5;19.2;21511.4;23741.1;23953.5;25501.4;25623.1
Contaminado;39;38;5;19.2;22489.3;23596.6;23807.4;25266.1;25384.7
Contaminado;39;38;5;19.2;20882.4;23849.0;24063.6;25685.4;25804.5
Contaminado;39;38;5;19.2;21139.3;23803.8;24016.8;25619.8;25732.5
Contaminado;39;38;5;19.2;20916.0;23851.0;24064.1;25678.6;25791.8
Contaminado;39;38;5;19.2;20928.2;23868.2;24081.4;25711.6;25822.7
Contaminado;39;38;5;19.2;23096.5;23577.0;23783.7;25231.1;25342.2
Contaminado;39;38;5;19.2;20862.4;23851.6;24065.0;25688.8;25806.7
Contaminado;39;38;5;19.2;21148.1;23808.8;24019.7;25623.1;25738.7
Contaminado;39;38;5;19.2;22162.8;23659.8;23870.0;25353.6;25459.4
Contaminado;39;38;5;19.2;21163.1;23809.2;24022.9;25627.1;25737.3
Contaminado;39;38;5;19.2;22982.4;23715.4;23927.4;25608.4;25746.9
Contaminado;39;38;5;19.2;20864.8;23851.3;24061.8;25679.4;25798.0
Contaminado;39;38;5;19.2;22176.5;23657.3;23868.8;25347.8;25452.0
Contaminado;39;38;5;19.2;22401.1;23619.1;23830.2;25301.0;25407.5
Contaminado;39;38;5;19.2;20859.3;23855.9;24069.0;25694.5;25808.3
Contaminado;39;38;5;19.2;22303.0;23639.6;23849.2;25324.2;25431.1
Contaminado;39;38;5;19.2;21293.9;23788.9;24003.9;25599.1;25710.0
Contaminado;39;38;5;19.2;22559.7;23635.0;23842.4;25326.0;25433.4
Contaminado;39;38;5;19.2;21388.5;23760.2;23973.0;25541.2;25641.2
Contaminado;39;38;5;19.2;21318.2;23769.2;23983.7;25545.2;25654.9
Contaminado;39;38;5;19.2;22611.1;23630.8;23841.2;25319.9;25432.5
Contaminado;39;38;5;19.2;20927.1;23863.2;24075.9;25694.3;25808.1
Contaminado;39;38;5;19.2;22765.9;23617.0;23823.8;25292.0;25400.5
Contaminado;39;38;5;19.2;21345.4;23765.2;23977.2;25535.5;25649.0
Contaminado;39;38;5;20.7;21587.3;23925.2;24140.8;25916.2;26037.5
Contaminado;39;38;5;20.7;21629.9;23921.1;24135.2;25908.8;26033.4
Contaminado;39;38;5;20.7;21559.1;23929.1;24144.4;25924.8;26046.1
Contaminado;39;38;5;20.7;21959.6;23877.4;24089.8;25846.0;25964.9
Contaminado;39;38;5;20.7;22239.8;23842.2;24053.9;25793.2;25912.6
Contaminado;39;38;5;20.7;21511.1;23941.3;24156.7;25943.9;26063.9
Contaminado;39;38;5;20.7;21546.2;23932.1;24148.6;25931.0;26051.1
Contaminado;39;38;5;20.7;21681.5;23912.8;24126.7;25897.9;26018.4
Contaminado;39;38;5;20.7;22074.6;23859.2;24071.5;25816.2;25945.3
Contaminado;39;38;5;20.7;21755.1;23904.4;24117.9;25887.4;26008.5
Contaminado;39;38;5;20.7;21869.1;23889.1;24102.1;25863.0;25985.6
Contaminado;39;38;5;20.7;21572.8;23927.2;24141.6;25920.1;26040.6
Contaminado;39;38;5;20.7;21532.4;23936.8;24151.5;25931.5;26049.8
Contaminado;39;38;5;20.7;21716.6;23910.8;24125.5;25895.9;26017.4
Contaminado;39;38;5;20.7;21499.6;23939.7;24157.2;25945.9;26068.4
Contaminado;39;38;5;20.7;21652.2;23915.2;24130.7;25903.5;26022.0
Contaminado;39;38;5;20.7;21801.1;23898.4;24109.1;25871.4;25992.5
Contaminado;39;38;5;20.7;21522.6;23935.7;24154.2;25938.2;26061.1
Contaminado;38;41;0;17.6;18820.3;25183.4;25429.4;27757.5;27942.3
Contaminado;38;41;0;17.6;18809.5;25146.8;25391.2;27677.5;27886.1
Contaminado;38;41;0;17.6;18865.7;25210.0;25450.6;27775.1;27965.8
Contaminado;38;41;0;17.6;18891.2;25178.8;25422.0;27736.0;27924.4
Contaminado;38;41;0;17.6;19126.9;25132.1;25348.4;27600.7;27794.1
Contaminado;38;41;0;17.6;18960.3;25146.8;25393.4;27671.5;27875.4
Contaminado;38;41;0;17.6;18847.3;25198.4;25441.9;27767.9;27962.7
Contaminado;38;41;0;17.6;19021.4;25153.9;25393.8;27666.9;27850.4
Contaminado;38;41;0;17.6;18920.2;25186.0;25428.6;27738.6;27917.6
Contaminado;38;41;0;17.7;20648.9;24929.3;25184.6;27331.9;27519.2
Contaminado;38;41;0;17.7;20696.8;24944.2;25201.2;27366.0;27546.4
Contaminado;38;41;0;17.7;20614.8;24953.6;25207.9;27374.7;27553.3
Contaminado;38;41;0;17.7;20665.2;24945.2;25202.0;27354.0;27512.4
Contaminado;38;41;0;17.7;20622.0;24951.1;25210.0;27385.4;27563.5
Contaminado;38;41;0;17.7;20812.1;24914.0;25171.5;27324.4;27508.1
Contaminado;38;41;0;17.7;20736.3;24937.2;25189.9;27346.7;27533.5
Contaminado;38;41;0;17.7;20635.8;24934.7;25188.2;27349.1;27535.4
Contaminado;38;41;0;17.7;20627.9;24983.4;25239.0;27431.1;27613.6
Contaminado;38;41;0;17.8;21391.6;24874.1;25127.3;27356.6;27577.1
Contaminado;38;41;0;17.8;20965.1;24798.1;25060.0;27093.8;27272.5
Contaminado;38;41;0;17.8;21037.3;24924.1;25177.9;27436.4;27648.3
Contaminado;38;41;0;17.8;21013.3;24933.5;25184.2;27419.3;27628.9
Contaminado;38;41;0;17.8;20575.8;24897.0;25150.8;27217.0;27379.8
Contaminado;38;41;0;17.8;20667.6;24839.4;25128.8;27179.9;27351.8
Contaminado;38;41;0;17.8;20979.8;24905.2;25150.1;27401.5;27635.9
Contaminado;38;41;0;17.8;20963.3;24923.8;25179.6;27431.0;27618.4
Contaminado;38;41;0;17.8;20674.5;24842.6;25092.7;27105.0;27259.3
Contaminado;38;41;0;17.8;20647.9;24879.8;25139.3;27206.2;27367.1
Contaminado;38;41;0;17.8;20627.8;24894.1;25148.2;27197.4;27356.6
Contaminado;38;41;0;17.8;20714.7;24854.4;25115.9;27153.3;27327.5
Contaminado;38;41;0;17.8;20798.1;24800.2;25058.3;27046.9;27242.3
Contaminado;38;41;0;17.8;20709.7;24872.7;25131.0;27157.8;27342.4
Contaminado;38;41;0;17.8;20766.0;24851.9;25105.0;27149.7;27321.3
Contaminado;38;41;0;17.8;20997.9;24912.0;25156.8;27338.4;27584.6
Contaminado;38;41;0;17.8;21169.8;24917.6;25168.2;27427.9;27645.2
Contaminado;38;41;0;17.8;21254.3;24879.6;25133.1;27370.8;27592.5
Contaminado;38;41;0;17.8;20596.8;24899.6;25153.9;27217.4;27378.6
Contaminado;38;41;0;17.8;20525.0;24911.3;25168.3;27204.9;27371.7
Contaminado;38;41;0;17.8;20939.9;24792.4;25053.2;27064.7;27235.7
Contaminado;38;41;0;17.8;20556.4;24904.2;25159.6;27229.8;27397.2
Contaminado;38;41;0;17.8;21111.9;24927.4;25182.1;27444.5;27655.5
Contaminado;38;41;0;17.8;20656.0;24862.1;25122.6;27167.4;27362.6
Contaminado;38;41;0;17.8;20830.7;24850.7;25109.2;27154.2;27323.3
Contaminado;38;41;0;17.8;20732.2;24862.2;25118.9;27170.6;27348.0
Contaminado;38;41;0;17.8;20663.2;24884.3;25139.9;27184.1;27352.0
Contaminado;38;41;0;19.8;20420.7;24949.0;25195.1;27295.8;27448.5
Contaminado;38;41;0;19.8;20367.7;24956.1;25205.8;27305.1;27458.6
Contaminado;38;41;0;19.8;20384.1;24952.2;25200.4;27300.1;27453.3
Contaminado;38;41;0;19.8;20880.5;24867.2;25114.2;27168.1;27324.7
Contaminado;38;41;0;19.8;20474.5;24933.6;25181.3;27272.5;27428.6
Contaminado;38;41;0;19.8;20509.3;24928.1;25176.6;27263.8;27418.4
Contaminado;38;41;0;19.8;20350.5;24956.0;25208.0;27310.4;27466.1
Contaminado;38;41;0;19.8;20292.2;24968.7;25222.2;27335.2;27489.0
Contaminado;38;41;0;19.8;20308.8;24968.0;25218.5;27329.9;27484.2
Contaminado;38;41;0;19.8;20284.7;24974.8;25223.4;27332.5;27488.0
Contaminado;38;41;0;19.8;20634.1;24904.8;25154.2;27229.7;27386.2
Contaminado;38;41;0;19.8;20299.6;24968.7;25218.9;27328.1;27483.5
Contaminado;38;41;0;19.8;20336.9;24962.1;25209.8;27312.0;27466.8
Contaminado;38;41;0;19.8;20326.3;24965.2;25214.8;27318.9;27476.0
Contaminado;38;41;0;19.8;20559.7;24920.5;25167.3;27248.7;27401.5
Contaminado;38;41;0;19.8;20725.0;24889.5;25135.8;27203.1;27353.8
Contaminado;38;41;0;19.8;20444.4;24942.8;25191.5;27285.9;27439.1
Contaminado;38;41;0;19.8;20316.2;24966.2;25216.8;27325.4;27484.5
Contaminado;38;41;0;25.3;19419.3;24994.6;25205.5;27638.5;27924.1
Contaminado;38;41;0;25.3;19581.7;24999.6;25214.3;27651.1;27898.7
Contaminado;38;41;0;25.3;19785.8;24960.4;25182.4;27646.8;27837.8
Contaminado;38;41;0;25.3;19473.7;24997.5;25208.7;27635.0;27905.7
Contaminado;38;41;0;25.3;19681.9;24994.6;25214.0;27613.2;27794.7
Contaminado;42;39;0;15.4;17991.1;25881.1;26032.9;28500.2;28724.8
Contaminado;42;39;0;15.4;16605.0;26100.8;26195.7;28828.9;29074.8
Contaminado;42;39;0;15.4;16647.7;26087.2;26183.6;28803.0;29050.4
Contaminado;42;39;0;15.4;16525.8;26116.2;26212.5;28858.7;29103.1
Contaminado;42;39;0;15.4;17676.2;25958.0;26099.1;28634.8;28847.2
Contaminado;42;39;0;15.4;16622.8;26094.2;26187.2;28812.3;29059.0
Contaminado;42;39;0;15.4;16588.7;26102.2;26195.4;28830.6;29078.0
Contaminado;42;39;0;15.4;17714.0;25950.3;26091.8;28622.5;28833.0
Contaminado;42;39;0;15.4;16508.9;26119.4;26216.0;28862.7;29110.5
Contaminado;42;39;0;15.4;17908.3;25914.5;26065.8;28571.8;28781.5
Contaminado;42;39;0;15.4;17232.5;25999.8;26111.7;28715.3;28949.9
Contaminado;42;39;0;15.4;16536.1;26115.4;26210.5;28855.1;29101.2
Contaminado;42;39;0;15.4;16493.1;26120.7;26216.8;28863.4;29111.0
Contaminado;42;39;0;15.4;17644.2;25962.2;26101.2;28643.8;28851.9
Contaminado;42;39;0;15.4;16486.0;26121.8;26217.3;28867.0;29115.0
Contaminado;42;39;0;15.4;17761.1;25945.4;26088.5;28613.8;28825.4
Contaminado;42;39;0;15.4;17072.9;25972.4;26079.4;28670.7;28920.5
Contaminado;42;39;0;15.4;16559.8;26110.6;26206.8;28847.6;29094.0
Contaminado;42;39;0;15.4;16516.8;26117.6;26213.8;28861.2;29109.3
Contaminado;42;39;0;15.4;16546.6;26112.5;26209.5;28850.2;29097.0
Contaminado;42;39;0;15.4;16500.7;26118.0;26211.5;28857.6;29105.5
Contaminado;42;39;0;15.5;17819.7;25931.1;26076.7;28588.3;28800.8
Contaminado;42;39;0;15.6;17529.0;25986.8;26119.8;28689.1;28914.8
Contaminado;42;39;0;15.6;17476.3;25993.0;26124.3;28702.3;28925.8
Contaminado;42;39;0;15.6;17589.3;25972.6;26108.2;28660.9;28879.6
Contaminado;42;39;0;15.6;17492.0;25991.4;26120.9;28697.7;28918.4
Contaminado;42;39;0;15.6;17509.2;25990.7;26123.2;28696.2;28917.1
Contaminado;42;39;0;15.6;17568.5;25981.7;26117.3;28679.3;28895.7
Contaminado;42;39;0;15.6;17547.7;25985.7;26119.2;28685.8;28903.9
Contaminado;42;39;0;15.7;17403.4;25957.8;26078.1;28653.1;28882.0
Contaminado;42;39;0;15.7;17452.7;25945.0;26066.4;28635.3;28864.6
Contaminado;42;39;0;15.7;17443.3;25997.4;26127.2;28711.8;28935.6
Contaminado;42;39;0;15.7;17459.2;25996.6;26125.0;28706.7;28933.2
Contaminado;42;39;0;15.7;17430.4;26004.4;26132.1;28725.7;28944.9
Contaminado;42;39;0;15.8;17347.0;25973.1;26089.2;28673.2;28904.8
Contaminado;42;39;0;15.8;17326.5;25980.1;26098.0;28685.3;28916.3
Contaminado;42;39;0;15.8;17370.4;25968.6;26087.0;28667.2;28895.5
Contaminado;42;39;0;15.8;17308.2;25981.7;26097.1;28684.0;28914.3
Contaminado;42;39;0;15.9;17281.4;25986.5;26097.5;28687.9;28919.4
Contaminado;42;39;0;15.9;17294.1;25980.9;26099.1;28690.7;28920.6
Contaminado;42;39;0;15.9;17267.5;25988.5;26103.5;28700.7;28933.2
Contaminado;42;39;0;15.9;17254.2;25996.9;26109.7;28706.8;28941.4
Contaminado;42;39;0;16.0;16718.9;26068.1;26164.7;28776.9;29018.3
Contaminado;42;39;0;16.0;16679.8;26077.3;26174.2;28789.4;29032.9
Contaminado;42;39;0;16.0;16773.9;26049.5;26146.6;28747.2;28991.7
Contaminado;42;39;0;16.0;16857.8;26025.8;26123.4;28710.3;28955.8
Contaminado;42;39;0;19.1;16265.3;26367.7;26525.5;29462.9;29730.5
Contaminado;42;39;0;19.1;16501.2;26309.2;26464.8;29394.2;29666.9
Contaminado;42;39;0;19.1;16364.5;26349.6;26506.9;29470.0;29748.0
Contaminado;42;39;0;19.1;16541.9;26297.5;26453.2;29375.8;29648.6
Contaminado;42;39;0;19.1;16418.8;26333.1;26493.2;29439.5;29713.6
Contaminado;42;39;0;19.1;16349.9;26355.5;26514.6;29481.2;29762.3
Contaminado;42;39;0;19.1;16398.9;26337.1;26493.4;29446.8;29720.9
Contaminado;42;39;0;19.1;16335.4;26360.5;26519.9;29487.6;29768.0
Contaminado;42;39;0;19.1;16801.0;26230.0;26384.5;29238.0;29526.8
Contaminado;42;39;0;19.1;16595.4;26281.9;26436.7;29348.5;29626.6
Contaminado;42;39;0;19.1;16296.9;26364.5;26522.7;29452.1;29718.7
Contaminado;42;39;0;19.1;16671.3;26260.2;26415.2;29312.9;29586.5
Contaminado;42;39;0;19.1;16285.8;26363.3;26517.8;29400.7;29697.7
Contaminado;42;39;0;19.1;16381.4;26342.2;26500.6;29456.7;29736.2
Contaminado;42;39;0;19.1;16321.5;26358.2;26518.0;29464.5;29737.7
Contaminado;42;39;0;19.1;16271.8;26366.4;26520.9;29451.7;29710.8
Contaminado;42;39;0;19.1;16278.9;26365.3;26522.4;29439.0;29704.9
Contaminado;42;39;0;19.1;16442.6;26324.2;26481.6;29427.5;29704.5
Contaminado;42;39;0;26.0;16507.3;25547.5;25593.7;28165.9;28533.9
Contaminado;42;39;0;26.0;16600.5;25569.2;25626.4;28140.7;28455.6
Contaminado;42;39;0;26.0;16542.0;25548.8;25600.4;28089.3;28421.3
Contaminado;42;39;0;26.0;16793.9;25596.1;25653.5;28212.3;28547.0
Contaminado;42;39;0;26.0;16679.2;25589.6;25651.5;28200.3;28501.9
Contaminado;39;34;15;19.2;17622.8;25877.6;25961.7;28692.7;28974.0
Contaminado;39;34;15;19.2;17470.6;25789.9;25856.6;28502.9;28793.1
Contaminado;39;34;15;19.2;17628.0;25877.5;25961.6;28690.3;28972.5
Contaminado;39;34;15;19.2;17127.3;25795.3;25831.0;28388.4;28677.3
Contaminado;39;34;15;19.2;17052.4;25885.3;25941.9;28611.8;28903.4
Contaminado;39;34;15;19.2;17617.7;25879.3;25965.8;28694.2;28977.7
Contaminado;39;34;15;19.2;17288.1;25776.0;25824.4;28448.3;28687.4
Contaminado;39;34;15;19.2;17669.1;25875.9;25964.0;28684.7;28965.4
Contaminado;39;34;15;19.2;17061.4;25890.0;25944.4;28616.1;28904.3
Contaminado;39;34;15;19.2;18048.2;25750.4;25847.1;28538.4;28824.2
Contaminado;39;34;15;19.2;17001.7;25898.5;25952.7;28636.2;28930.4
Contaminado;39;34;15;19.2;17011.2;25890.5;25942.8;28612.9;28909.1
Contaminado;39;34;15;19.2;17849.4;25822.5;25909.4;28650.6;28950.0
Contaminado;39;34;15;19.2;17728.1;25851.5;25939.2;28654.1;28935.1
Contaminado;39;34;15;19.2;17645.9;25872.7;25957.8;28681.1;28960.8
Contaminado;39;34;15;19.2;17097.7;25805.6;25896.9;28477.2;28808.3
Contaminado;39;34;15;19.2;17712.8;25859.0;25944.6;28655.3;28936.3
Contaminado;39;34;15;19.2;17174.4;25862.8;25917.6;28572.4;28861.7
Contaminado;39;34;15;19.2;17638.5;25875.2;25959.2;28686.5;28968.7
Contaminado;39;34;15;19.2;16990.2;25943.6;25995.0;28652.1;28953.2
Contaminado;39;34;15;19.2;17770.1;25874.8;25960.1;28633.3;28946.5
Contaminado;39;34;15;19.2;17841.0;25822.4;25911.5;28618.7;28903.8
Contaminado;39;34;15;19.2;17104.3;25870.4;25929.0;28590.7;28876.4
Contaminado;39;34;15;19.2;17907.2;25800.9;25890.9;28591.8;28881.3
Contaminado;39;34;15;19.2;17776.9;25848.7;25938.0;28662.6;28942.7
Contaminado;39;34;15;19.2;18176.0;25784.4;25899.6;28590.3;28891.5
Contaminado;39;34;15;19.2;17083.8;25878.3;25934.0;28602.7;28893.9
Contaminado;39;34;15;19.2;17069.6;25885.8;25939.7;28610.9;28900.4
Contaminado;39;34;15;19.2;16957.9;25913.9;25970.2;28634.4;28927.9
Contaminado;39;34;15;19.2;17226.8;25841.7;25897.3;28550.0;28840.0
Contaminado;39;34;15;19.2;17039.3;25888.4;25943.4;28607.3;28895.8
Contaminado;39;34;15;19.2;17608.3;25877.5;25961.7;28690.9;29001.5
Contaminado;39;34;15;19.2;17032.0;25880.1;25934.6;28630.7;28919.1
Contaminado;39;34;15;19.2;17749.8;25837.9;25923.0;28642.6;28924.8
Contaminado;39;34;15;19.2;17025.1;25896.5;25952.5;28617.5;28910.6
Contaminado;39;34;15;19.2;17673.1;25867.7;25953.4;28674.1;28959.7
Contaminado;39;34;15;19.2;17162.2;25791.4;25830.2;28362.1;28677.0
Contaminado;39;34;15;19.2;17655.6;25878.5;25964.8;28685.5;28966.2
Contaminado;39;34;15;19.2;17208.1;25791.9;25838.4;28404.2;28685.0
Contaminado;39;34;15;19.2;17121.2;25866.8;25923.4;28582.9;28872.7
Contaminado;39;34;15;19.2;17739.9;25880.6;25965.3;28674.6;28959.4
Contaminado;39;34;15;19.2;17802.1;25837.9;25924.6;28639.6;28923.7
Contaminado;39;34;15;19.2;18437.4;25655.2;25763.5;28409.5;28687.8
Contaminado;39;34;15;19.2;17632.9;25877.1;25962.8;28689.5;28972.8
Contaminado;39;34;15;19.2;17683.6;25868.2;25952.8;28670.4;28952.6
Contaminado;39;34;15;21.4;16996.0;25761.6;25796.5;28275.8;28522.1
Contaminado;39;34;15;21.4;17019.7;25753.8;25787.1;28263.9;28513.7
Contaminado;39;34;15;21.4;16898.1;25792.4;25828.1;28352.5;28618.9
Contaminado;39;34;15;21.4;17111.2;25685.3;25709.3;28108.7;28383.4
Contaminado;39;34;15;21.4;16931.1;25785.0;25818.2;28339.5;28618.0
Contaminado;39;34;15;21.4;16939.9;25781.5;25814.2;28309.1;28594.5
Contaminado;39;34;15;21.4;16961.6;25775.2;25810.1;28275.8;28545.3
Contaminado;39;34;15;21.4;16892.2;25794.0;25830.3;28357.1;28621.7
Contaminado;39;34;15;21.4;16884.8;25795.8;25831.9;28358.1;28622.2
Contaminado;39;34;15;21.4;17127.6;25719.6;25755.5;28206.1;28476.4
Contaminado;39;34;15;21.4;16977.4;25770.6;25806.6;28280.5;28521.8
Contaminado;39;34;15;21.4;17200.7;25703.9;25742.2;28194.5;28440.4
Contaminado;39;34;15;21.4;16911.2;25790.2;25823.2;28352.8;28613.0
Contaminado;39;34;15;21.4;16876.8;25800.8;25834.7;28360.6;28626.3
Contaminado;39;34;15;21.4;16951.0;25777.6;25811.5;28309.8;28566.5
Contaminado;39;34;15;21.4;17042.0;25743.6;25780.6;28219.1;28501.1
Contaminado;39;34;15;21.4;16921.5;25785.3;25818.2;28349.6;28615.1
Contaminado;39;34;15;21.4;16871.5;25801.8;25836.7;28362.0;28625.4
Contaminado;39;38;5;19.1;20907.5;23882.4;24096.6;25689.3;25802.3
Contaminado;39;38;5;19.1;20979.1;23859.4;24075.6;25656.7;25768.4
Contaminado;39;38;5;19.1;21082.7;23845.6;24059.1;25630.0;25742.8
Contaminado;39;38;5;19.1;21045.9;23851.0;24065.0;25635.7;25746.3
Contaminado;39;38;5;19.1;22521.1;23701.0;23913.4;25387.2;25494.6
Contaminado;39;38;5;19.1;21100.2;23843.6;24058.6;25625.7;25746.0
Contaminado;39;38;5;19.1;21021.6;23854.1;24067.9;25650.7;25760.2
Contaminado;39;38;5;19.1;20852.8;23890.6;24107.2;25709.5;25815.5
Contaminado;39;38;5;19.1;20855.3;23886.7;24102.9;25701.5;25811.7
Contaminado;39;38;5;19.1;21204.9;23828.3;24041.9;25605.0;25718.3
Contaminado;39;38;5;19.1;22628.5;23687.3;23901.4;25364.5;25476.4
Contaminado;39;38;5;19.1;20997.8;23856.7;24070.4;25646.5;25747.2
Contaminado;39;38;5;19.1;22817.7;23668.7;23880.8;25335.1;25444.4
Contaminado;39;38;5;19.1;20954.4;23866.2;24082.4;25670.8;25783.9
Contaminado;39;38;5;19.1;21312.7;23811.9;24026.9;25581.6;25694.8
Contaminado;39;38;5;19.1;21426.9;23798.3;24011.7;25561.7;25672.0
Contaminado;39;38;5;19.1;20921.7;23874.8;24090.0;25681.7;25791.4
Contaminado;39;38;5;19.1;21028.5;23852.0;24065.9;25637.9;25761.0
Contaminado;39;38;5;19.1;20908.9;23879.2;24093.7;25683.7;25801.8
Contaminado;39;38;5;19.1;21251.3;23823.6;24035.5;25597.2;25708.3
Contaminado;39;38;5;19.1;20930.4;23869.7;24086.0;25672.1;25797.7
Contaminado;39;38;5;19.1;20985.6;23855.9;24071.8;25643.8;25756.2
Contaminado;39;38;5;19.1;20914.7;23876.9;24093.0;25682.6;25798.5
Contaminado;39;38;5;19.1;20875.8;23881.4;24102.1;25698.1;25808.8
Contaminado;39;38;5;19.1;20899.6;23882.2;24098.2;25686.0;25806.1
Contaminado;39;38;5;19.1;21714.7;23763.1;23979.7;25516.6;25633.7
Contaminado;39;38;5;19.1;20940.8;23870.1;24085.6;25673.0;25781.0
Contaminado;39;38;5;19.1;21008.6;23857.0;24070.9;25648.6;25763.1
Contaminado;39;38;5;19.1;20865.3;23884.6;24101.2;25695.9;25808.2
Contaminado;39;38;5;19.1;20971.6;23858.8;24076.1;25659.9;25765.0
Contaminado;39;38;5;19.1;20869.2;23885.3;24101.4;25695.7;25807.9
Contaminado;39;38;5;19.1;20889.5;23881.6;24097.8;25684.2;25803.1
Contaminado;39;38;5;19.1;20843.8;23890.0;24106.8;25705.6;25814.3
Contaminado;39;38;5;19.1;21130.5;23838.7;24053.5;25616.1;25725.7
Contaminado;39;38;5;19.1;21169.6;23832.3;24046.5;25611.1;25722.0
Contaminado;39;38;5;19.1;20860.4;23886.3;24101.4;25698.8;25808.7
Contaminado;39;38;5;19.1;20956.8;23862.7;24077.9;25656.7;25771.0
Contaminado;39;38;5;19.1;20887.4;23880.2;24096.1;25689.8;25804.0
Contaminado;39;38;5;19.1;20928.3;23873.1;24089.1;25679.7;25794.9
Contaminado;39;38;5;19.1;20872.7;23887.3;24103.2;25699.4;25811.5
Contaminado;39;38;5;19.1;20859.5;23885.8;24102.9;25699.3;25809.9
Contaminado;39;38;5;19.1;22445.1;23709.1;23922.3;25395.0;25505.9
Contaminado;39;38;5;19.1;20881.6;23882.7;24098.8;25690.8;25806.7
Contaminado;39;38;5;19.1;22345.7;23719.7;23932.9;25415.4;25528.5
Contaminado;39;38;5;19.1;20897.6;23879.6;24095.7;25691.7;25801.8
Contaminado;39;38;5;20.6;21388.8;24026.1;24245.0;26042.2;26165.0
Contaminado;39;38;5;20.6;21278.6;24041.2;24261.3;26061.7;26187.4
Contaminado;39;38;5;20.6;21474.0;24009.9;24229.5;26017.6;26141.5
Contaminado;39;38;5;20.6;21074.3;24073.4;24296.3;26115.0;26234.5
Contaminado;39;38;5;20.6;21238.8;24048.8;24269.8;26073.5;26198.7
Contaminado;39;38;5;20.6;21330.6;24033.5;24254.7;26053.0;26178.1
Contaminado;39;38;5;20.6;20999.3;24089.7;24311.1;26139.9;26263.6
Contaminado;39;38;5;20.6;21009.3;24086.9;24309.8;26135.0;26260.1
Contaminado;39;38;5;20.6;21121.4;24070.6;24290.8;26108.6;26231.7
Contaminado;39;38;5;20.6;21174.2;24063.0;24284.0;26095.9;26223.2
Contaminado;39;38;5;20.6;21099.1;24072.5;24293.4;26114.3;26234.3
Contaminado;39;38;5;20.6;21783.9;23975.1;24195.6;25966.7;26088.3
Contaminado;39;38;5;20.6;21032.1;24082.4;24303.9;26126.9;26250.5
Contaminado;39;38;5;20.6;21201.8;24055.4;24276.7;26088.3;26211.4
Contaminado;39;38;5;20.6;21593.0;23996.4;24215.9;25999.1;26116.2
Contaminado;39;38;5;20.6;21054.8;24077.7;24300.3;26117.4;26238.8
Contaminado;39;38;5;20.6;20990.2;24091.5;24314.5;26141.1;26265.1
Contaminado;39;38;5;20.6;21044.7;24079.3;24301.0;26122.7;26246.5
Contaminado;39;38;5;20.6;21020.0;24084.7;24307.2;26132.6;26254.3
Contaminado;39;38;5;26.0;19841.1;24259.9;24487.4;26522.3;26694.7
Contaminado;39;38;5;26.0;19792.0;24265.0;24494.0;26525.4;26717.9
Contaminado;39;38;5;26.0;19988.8;24235.0;24461.9;26478.6;26654.1
Contaminado;39;38;5;26.0;19903.3;24245.5;24473.2;26495.5;26668.5
Contaminado;39;38;5;26.0;20126.4;24209.5;24435.5;26439.7;26612.1
Contaminado;38;41;0;17.3;20311.4;24900.0;25153.4;27178.9;27336.1
Contaminado;38;41;0;17.3;20514.6;24875.6;25128.4;27127.7;27288.7
Contaminado;38;41;0;17.3;20495.3;24883.1;25134.8;27141.7;27300.5
Contaminado;38;41;0;17.3;20319.9;24902.2;25154.4;27177.9;27338.2
Contaminado;38;41;0;17.3;20340.9;24902.9;25158.2;27180.5;27338.9
Contaminado;38;41;0;17.3;20783.6;24824.9;25081.3;27061.5;27220.9
Contaminado;38;41;0;17.3;20335.3;24903.0;25156.9;27180.1;27340.9
Contaminado;38;41;0;17.3;20347.9;24907.9;25161.0;27183.0;27345.1
Contaminado;38;41;0;17.3;20329.6;24906.6;25159.0;27186.0;27347.2
Contaminado;38;41;0;17.3;20700.8;24843.5;25096.4;27086.4;27243.6
Contaminado;38;41;0;17.3;20567.0;24866.2;25117.7;27120.6;27279.4
Contaminado;38;41;0;17.3;20480.0;24884.2;25135.9;27141.9;27300.9
Contaminado;38;41;0;17.3;20600.7;24864.8;25117.1;27117.4;27259.9
Contaminado;38;41;0;17.3;20306.2;24896.1;25149.4;27167.4;27327.5
Contaminado;38;41;0;17.3;20645.3;24851.1;25107.7;27104.2;27261.9
Contaminado;38;41;0;17.3;20926.4;24806.8;25058.3;27025.5;27179.1
Contaminado;38;41;0;17.3;20537.8;24874.1;25127.3;27129.3;27289.5
Contaminado;38;41;0;17.3;20324.6;24906.6;25156.1;27179.8;27343.9
Contaminado;38;41;0;17.3;20315.8;24903.1;25154.8;27181.0;27343.7
Contaminado;38;41;0;17.4;20582.4;24956.9;25209.9;27355.8;27539.4
Contaminado;38;41;0;17.4;20406.7;24980.4;25229.0;27385.1;27562.7
Contaminado;38;41;0;17.4;20440.4;24976.3;25228.4;27385.5;27564.9
Contaminado;38;41;0;17.4;20295.9;25008.1;25262.5;27454.2;27634.7
Contaminado;38;41;0;17.4;20341.2;25003.9;25258.1;27445.2;27623.9
Contaminado;38;41;0;17.4;20308.4;25008.4;25263.0;27455.0;27633.9
Contaminado;38;41;0;17.4;20363.5;25000.9;25251.9;27436.3;27619.1
Contaminado;38;41;0;17.4;20323.3;25006.3;25259.0;27446.3;27625.3
Contaminado;38;41;0;17.4;20281.6;25012.4;25264.1;27457.2;27637.1
Contaminado;38;41;0;17.5;20062.7;25005.3;25260.4;27395.5;27569.4
Contaminado;38;41;0;17.5;20324.4;24946.8;25201.8;27293.3;27459.2
Contaminado;38;41;0;17.5;20048.6;25003.9;25261.1;27394.9;27565.2
Contaminado;38;41;0;17.5;20407.3;24927.0;25180.5;27257.3;27424.3
Contaminado;38;41;0;17.5;20138.8;24991.9;25248.8;27370.9;27541.7
Contaminado;38;41;0;17.5;20295.7;24967.9;25224.2;27336.5;27503.7
Contaminado;38;41;0;17.5;20214.2;24967.4;25222.8;27342.1;27511.1
Contaminado;38;41;0;17.5;20496.4;24914.8;25169.7;27242.9;27410.2
Contaminado;38;41;0;17.5;20008.8;25008.8;25264.4;27403.1;27574.9
Contaminado;38;41;0;17.5;20163.7;24979.3;25234.6;27354.2;27529.3
Contaminado;38;41;0;17.5;20018.7;25005.8;25259.7;27398.5;27567.3
Contaminado;38;41;0;17.5;20293.2;24944.7;25201.2;27295.3;27455.6
Contaminado;38;41;0;17.5;20132.5;24990.7;25244.9;27370.9;27538.8
Contaminado;38;41;0;17.5;20265.7;24956.4;25210.0;27317.9;27484.1
Contaminado;38;41;0;17.5;20239.8;24961.1;25215.9;27326.6;27492.7
Contaminado;38;41;0;17.5;20082.7;25001.0;25257.8;27392.7;27564.1
Contaminado;38;41;0;17.5;20189.0;24985.4;25238.2;27360.0;27530.4
Contaminado;38;41;0;17.5;20031.1;25007.1;25264.1;27397.2;27567.3
Contaminado;38;41;0;19.9;20010.5;25050.8;25300.0;27448.2;27610.9
Contaminado;38;41;0;19.9;20050.5;25039.0;25285.7;27428.9;27588.9
Contaminado;38;41;0;19.9;20138.7;25021.5;25268.5;27410.2;27569.2
Contaminado;38;41;0;19.9;20553.3;24938.3;25184.1;27264.0;27422.3
Contaminado;38;41;0;19.9;20002.6;25053.9;25300.1;27452.1;27614.2
Contaminado;38;41;0;19.9;20351.4;24974.5;25220.3;27326.4;27482.3
Contaminado;38;41;0;19.9;20031.3;25045.7;25293.9;27438.1;27595.2
Contaminado;38;41;0;19.9;20284.4;24983.7;25230.2;27340.8;27491.8
Contaminado;38;41;0;19.9;20191.0;25013.6;25261.3;27398.0;27557.2
Contaminado;38;41;0;19.9;20246.0;24990.6;25246.6;27377.7;27540.9
Contaminado;38;41;0;19.9;20121.7;25023.8;25271.0;27414.4;27577.2
Contaminado;38;41;0;19.9;20061.0;25036.0;25283.6;27423.8;27588.3
Contaminado;38;41;0;19.9;20431.5;24958.2;25206.0;27300.8;27454.1
Contaminado;38;41;0;19.9;20074.0;25033.6;25281.3;27427.3;27587.2
Contaminado;38;41;0;19.9;20088.5;25034.9;25282.7;27430.8;27589.2
Contaminado;38;41;0;19.9;20040.7;25040.0;25288.1;27436.3;27596.3
Contaminado;38;41;0;19.9;20104.1;25027.0;25274.5;27420.4;27586.5
Contaminado;38;41;0;19.9;20024.3;25049.4;25295.5;27441.7;27605.0
Contaminado;38;41;0;25.0;18875.0;25108.9;25310.3;27841.6;28128.1
Contaminado;38;41;0;25.0;18824.6;25110.5;25306.8;27934.2;28214.3
Contaminado;38;41;0;25.0;18750.2;25113.1;25309.7;27948.9;28234.3
Contaminado;38;41;0;25.0;19024.4;25091.6;25293.5;27743.8;28106.7
Contaminado;42;39;0;15.4;16847.5;26174.3;26289.9;28977.9;29212.3
Contaminado;42;39;0;15.4;16847.5;26179.0;26296.4;28983.4;29216.6
Contaminado;42;39;0;15.4;16854.0;26169.4;26284.3;28963.1;29205.8
Contaminado;42;39;0;15.4;16845.4;26177.2;26294.4;28981.2;29209.8
Contaminado;42;39;0;15.4;16876.0;26167.2;26282.1;28960.4;29192.4
Contaminado;42;39;0;15.4;17535.9;26188.6;26308.5;28938.6;29188.7
Contaminado;42;39;0;15.4;16868.4;26171.0;26284.8;28964.0;29198.3
Contaminado;42;39;0;15.4;16861.3;26171.0;26283.3;28963.3;29194.2
Contaminado;42;39;0;15.4;16864.0;26170.5;26284.6;28964.9;29198.9
Contaminado;42;39;0;15.4;16864.4;26173.0;26286.2;28962.9;29194.3
Contaminado;42;39;0;15.5;17186.0;26226.6;26336.3;28975.7;29217.0
Contaminado;42;39;0;15.5;16988.8;26143.1;26255.5;28913.9;29147.5
Contaminado;42;39;0;15.5;16773.2;26179.9;26288.0;28895.1;29122.0
Contaminado;42;39;0;15.5;17221.4;26239.5;26349.3;28994.4;29231.9
Contaminado;42;39;0;15.5;16922.7;26157.9;26271.0;28939.4;29172.9
Contaminado;42;39;0;15.5;17029.0;26132.7;26247.0;28903.2;29138.8
Contaminado;42;39;0;15.5;16879.9;26167.5;26280.5;28955.8;29189.7
Contaminado;42;39;0;15.5;17280.9;26168.1;26287.1;28922.2;29179.2
Contaminado;42;39;0;15.5;17371.2;26038.5;26165.0;28728.2;28969.1
Contaminado;42;39;0;15.5;16838.2;26183.5;26298.9;28988.2;29221.5
Contaminado;42;39;0;15.5;16928.0;26153.0;26266.6;28932.3;29164.4
Contaminado;42;39;0;15.5;17300.5;26249.3;26360.5;29015.2;29260.8
Contaminado;42;39;0;15.5;17276.8;26088.6;26215.5;28776.4;28996.2
Contaminado;42;39;0;15.5;17339.4;26243.7;26356.2;29010.5;29250.6
Contaminado;42;39;0;15.5;16953.9;26148.1;26262.1;28926.3;29159.0
Contaminado;42;39;0;15.5;16726.2;26198.6;26307.0;28922.6;29154.3
Contaminado;42;39;0;15.5;17060.1;26116.7;26233.8;28883.6;29121.0
Contaminado;42;39;0;15.5;17097.7;26222.0;26334.8;28979.3;29212.2
Contaminado;42;39;0;15.5;16896.8;26164.1;26278.2;28948.5;29180.7
Contaminado;42;39;0;15.5;16917.8;26163.1;26277.3;28946.1;29178.3
Contaminado;42;39;0;15.5;17108.0;26221.1;26333.7;28968.7;29204.5
Contaminado;42;39;0;15.5;16885.6;26163.6;26277.8;28948.4;29181.8
Contaminado;42;39;0;15.5;17136.8;26223.8;26336.0;28976.9;29211.4
Contaminado;42;39;0;15.5;16835.7;26181.7;26297.5;28984.5;29218.7
Contaminado;42;39;0;15.5;17156.6;26222.3;26333.3;28972.7;29206.5
Contaminado;42;39;0;15.5;17003.1;26138.0;26253.5;28909.3;29144.9
Contaminado;42;39;0;15.5;16890.7;26164.4;26278.7;28949.2;29177.9
Contaminado;42;39;0;15.5;16840.6;26180.2;26298.3;28986.0;29220.1
Contaminado;42;39;0;15.5;16886.2;26155.0;26267.5;28863.7;29093.1
Contaminado;42;39;0;15.5;16937.0;26151.6;26264.4;28930.6;29163.5
Contaminado;42;39;0;15.5;16910.6;26163.1;26276.2;28948.2;29175.9
Contaminado;42;39;0;15.5;17111.8;26103.8;26218.6;28850.5;29093.0
Contaminado;42;39;0;15.5;16905.6;26164.9;26280.5;28950.5;29182.6
Contaminado;42;39;0;15.5;17120.7;26220.7;26333.4;28972.8;29209.0
Contaminado;42;39;0;15.5;17260.5;26252.9;26363.4;29015.8;29257.0
Contaminado;42;39;0;19.1;16763.0;26080.6;26205.9;28900.0;29243.0
Contaminado;42;39;0;19.1;17020.8;26018.8;26136.6;28821.0;29115.4
Contaminado;42;39;0;19.1;16817.9;26075.1;26201.0;28956.1;29253.6
Contaminado;42;39;0;19.1;16789.2;26078.1;26203.6;28964.3;29261.8
Contaminado;42;39;0;19.1;16855.6;26068.5;26193.3;28941.8;29237.7
Contaminado;42;39;0;19.1;17011.0;26031.0;26155.9;28859.1;29153.4
Contaminado;42;39;0;19.1;16810.8;26076.7;26204.6;28959.8;29256.1
Contaminado;42;39;0;19.1;16963.9;26042.1;26168.5;28884.9;29182.7
Contaminado;42;39;0;19.1;16771.0;26081.1;26205.4;28966.6;29251.2
Contaminado;42;39;0;19.1;16887.0;26060.6;26185.8;28927.6;29221.1
Contaminado;42;39;0;19.1;16802.7;26078.3;26203.1;28961.0;29258.5
Contaminado;42;39;0;19.1;16835.1;26072.8;26198.2;28950.7;29241.5
Contaminado;42;39;0;19.1;16844.5;26071.8;26198.1;28947.6;29242.3
Contaminado;42;39;0;19.1;16780.4;26076.4;26201.8;28960.7;29262.5
Contaminado;42;39;0;19.1;16826.4;26071.9;26196.6;28950.8;29248.0
Contaminado;42;39;0;19.1;16765.9;26082.4;26209.0;28975.5;29260.6
Contaminado;42;39;0;19.1;16869.8;26064.1;26189.5;28935.2;29230.9
Contaminado;42;39;0;19.1;16905.8;26056.3;26180.8;28918.3;29212.9
Contaminado;42;39;0;26.1;16065.9;25767.6;25817.4;28384.1;28749.0
Contaminado;42;39;0;26.1;16145.0;25730.9;25779.0;28392.5;28750.6
Contaminado;42;39;0;26.1;16211.2;25709.4;25758.0;28341.3;28729.1
Contaminado;42;39;0;26.1;16036.0;25769.8;25812.9;28364.6;28715.9
Contaminado;39;34;15;19.1;15908.3;26149.1;26207.0;28988.3;29320.0
Contaminado;39;34;15;19.1;15913.3;26146.7;26202.1;28977.8;29314.8
Contaminado;39;34;15;19.1;16838.0;26249.6;26296.2;29024.3;29337.1
Contaminado;39;34;15;19.1;16894.3;26223.4;26267.8;28986.2;29290.8
Contaminado;39;34;15;19.1;16120.1;26081.5;26134.2;28874.1;29202.3
Contaminado;39;34;15;19.1;16063.0;26079.6;26123.2;28737.3;29037.6
Contaminado;39;34;15;19.1;16002.1;26094.3;26139.6;28754.6;29058.3
Contaminado;39;34;15;19.1;16240.6;26019.1;26066.0;28663.8;28967.1
Contaminado;39;34;15;19.1;15999.3;26106.5;26167.6;28926.5;29256.9
Contaminado;39;34;15;19.1;15893.9;26146.8;26207.0;28985.5;29318.5
Contaminado;39;34;15;19.1;16963.0;26194.8;26238.0;28938.3;29253.2
Contaminado;39;34;15;19.1;15925.3;26141.4;26193.8;28977.4;29313.6
Contaminado;39;34;15;19.1;15853.5;26151.2;26207.6;28977.3;29310.9
Contaminado;39;34;15;19.1;15857.7;26136.7;26188.4;28965.9;29304.7
Contaminado;39;34;15;19.1;16853.9;26233.2;26273.5;28993.0;29299.1
Contaminado;39;34;15;19.1;16351.0;26022.6;26084.2;28818.9;29152.9
Contaminado;39;34;15;19.1;15873.5;26114.1;26157.3;28913.1;29255.8
Contaminado;39;34;15;19.1;16923.3;26214.2;26256.9;28967.7;29279.3
Contaminado;39;34;15;19.1;15900.9;26150.5;26209.4;28992.3;29322.1
Contaminado;39;34;15;19.1;15916.2;26123.9;26178.4;28811.5;29176.3
Contaminado;39;34;15;19.1;15919.4;26149.9;26207.0;28984.2;29315.3
Contaminado;39;34;15;19.1;16905.3;26216.4;26258.4;28968.5;29283.6
Contaminado;39;34;15;19.1;17002.0;26183.6;26227.4;28926.4;29234.0
Contaminado;39;34;15;19.1;17139.1;26012.6;26057.4;28694.6;28988.9
Contaminado;39;34;15;19.1;15878.7;26135.3;26183.4;28956.5;29295.4
Contaminado;39;34;15;19.1;15885.6;26150.3;26209.3;28987.4;29321.2
Contaminado;39;34;15;19.1;15940.3;26124.9;26168.4;28799.4;29104.0
Contaminado;39;34;15;19.1;16729.4;25985.0;26044.8;28780.1;29107.7
Contaminado;39;34;15;19.1;15879.0;26143.1;26199.0;28974.1;29309.6
Contaminado;39;34;15;19.1;17099.2;26153.3;26200.7;28888.8;29202.5
Contaminado;39;34;15;19.1;16843.6;26248.3;26292.5;29024.5;29338.4
Contaminado;39;34;15;19.1;16122.8;26060.1;26105.3;28712.7;29014.3
Contaminado;39;34;15;19.1;17088.9;26027.2;26074.5;28716.9;29009.1
Contaminado;39;34;15;19.1;16825.6;26244.9;26289.3;29017.2;29335.7
Contaminado;39;34;15;19.1;15924.6;26147.8;26206.4;28985.9;29318.7
Contaminado;39;34;15;19.1;15897.8;26152.3;26209.9;28989.9;29325.1
Contaminado;39;34;15;19.1;16863.2;26229.2;26270.3;28988.0;29290.6
Contaminado;39;34;15;19.1;15962.2;26106.7;26154.7;28775.1;29080.8
Contaminado;39;34;15;19.1;16884.8;26229.1;26270.6;28985.6;29293.5
Contaminado;39;34;15;19.1;16029.0;26085.0;26128.8;28741.6;29046.4
Contaminado;39;34;15;19.1;15873.9;26136.5;26188.5;28964.3;29296.3
Contaminado;39;34;15;19.1;17111.0;26021.0;26067.3;28703.6;29002.4
Contaminado;39;34;15;19.1;16849.6;26232.6;26274.8;28993.8;29301.7
Contaminado;39;34;15;19.1;15950.6;26117.7;26162.4;28787.7;29092.7
Contaminado;39;34;15;19.1;16872.4;26229.7;26271.4;28986.2;29294.7
Contaminado;39;34;15;19.1;15981.8;26100.2;26147.4;28765.7;29069.3
Contaminado;39;34;15;21.3;15986.5;26009.9;26050.6;28696.7;29025.8
Contaminado;39;34;15;21.3;15838.2;26030.8;26065.5;28740.5;29054.5
Contaminado;39;34;15;21.3;15907.4;26027.8;26069.5;28750.1;29066.8
Contaminado;39;34;15;21.3;15843.1;26028.7;26059.4;28735.5;29049.2
Contaminado;39;34;15;21.3;15935.8;26021.5;26062.8;28743.3;29059.0
Contaminado;39;34;15;21.3;16002.2;26004.2;26046.0;28691.4;28995.1
Contaminado;39;34;15;21.3;15847.4;26030.8;26064.0;28740.9;29054.3
Contaminado;39;34;15;21.3;16092.5;25983.2;26027.6;28671.8;28973.9
Contaminado;39;34;15;21.3;16039.2;25997.2;26038.0;28682.7;28988.5
Contaminado;39;34;15;21.3;15865.4;26025.6;26063.4;28739.1;29051.5
Contaminado;39;34;15;21.3;16131.3;25977.6;26020.9;28664.0;28965.6
Contaminado;39;34;15;21.3;16282.6;25946.4;25993.5;28630.4;28930.7
Contaminado;39;34;15;21.3;15893.4;26029.6;26070.4;28753.7;29069.7
Contaminado;39;34;15;21.3;15874.3;26035.5;26077.5;28762.6;29081.6
Contaminado;39;34;15;21.3;15858.3;26026.3;26062.2;28738.6;29053.4
Contaminado;39;34;15;21.3;16019.0;26004.2;26045.7;28690.5;28997.3
Contaminado;39;34;15;21.3;15851.8;26026.9;26060.3;28734.6;29052.2
Contaminado;39;34;15;21.3;16063.2;25992.8;26035.0;28680.8;28985.0
Contaminado;39;38;5;19.0;22009.7;23854.7;24074.9;25642.9;25763.2
Contaminado;39;38;5;19.0;21856.4;23885.7;24107.1;25647.6;25755.4
Contaminado;39;38;5;19.0;21848.2;23875.2;24095.0;25610.3;25705.6
Contaminado;39;38;5;19.0;21672.9;23859.2;24077.4;25597.5;25705.1
Contaminado;39;38;5;19.0;21834.6;23872.0;24091.6;25664.3;25777.1
Contaminado;39;38;5;19.0;21815.7;23866.1;24085.4;25612.7;25738.4
Contaminado;39;38;5;19.0;21716.7;23860.4;24077.2;25595.3;25699.4
Contaminado;39;38;5;19.0;21799.7;23848.7;24067.6;25574.3;25677.2
Contaminado;39;38;5;19.0;21843.8;23850.5;24073.7;25581.9;25694.3
Contaminado;39;38;5;19.0;21681.4;23860.9;24080.9;25599.4;25708.6
Contaminado;39;38;5;19.0;22074.0;23827.9;24048.9;25532.8;25643.6
Contaminado;39;38;5;19.0;21906.7;23894.2;24116.1;25660.0;25779.2
Contaminado;39;38;5;19.0;21873.2;23901.7;24122.1;25673.2;25789.9
Contaminado;39;38;5;19.0;22000.2;23926.5;24144.8;25741.2;25854.1
Contaminado;39;38;5;19.0;21887.6;23900.7;24123.1;25673.8;25789.3
Contaminado;39;38;5;19.0;21788.6;23867.4;24088.7;25619.2;25740.2
Contaminado;39;38;5;19.0;21904.0;23825.0;24044.1;25535.0;25643.2
Contaminado;39;38;5;19.0;22161.1;23947.1;24162.1;25806.3;25921.8
Contaminado;39;38;5;19.0;22227.8;23907.3;24124.7;25699.7;25818.6
Contaminado;39;38;5;19.0;21689.7;23860.9;24082.2;25601.1;25708.9
Contaminado;39;38;5;19.0;21841.0;23855.8;24077.6;25587.8;25696.3
Contaminado;39;38;5;19.0;21849.4;23842.5;24065.6;25571.0;25687.2
Contaminado;39;38;5;19.0;21870.9;23830.6;24048.8;25531.3;25639.2
Contaminado;39;38;5;19.0;21767.8;23852.1;24071.5;25578.0;25682.5
Contaminado;39;38;5;19.0;21711.3;23859.0;24078.2;25594.1;25703.1
Contaminado;39;38;5;19.0;21879.7;23869.2;24088.7;25655.3;25770.6
Contaminado;39;38;5;19.0;21923.8;23890.8;24111.3;25657.0;25769.7
Contaminado;39;38;5;19.0;22246.4;23934.4;24148.8;25791.7;25910.8
Contaminado;39;38;5;19.0;21754.5;23846.8;24065.1;25564.7;25681.2
Contaminado;39;38;5;19.0;21700.5;23859.0;24077.9;25596.5;25704.6
Contaminado;39;38;5;19.0;21865.6;23862.1;24082.0;25611.4;25727.7
Contaminado;39;38;5;19.0;21824.9;23832.8;24052.7;25546.6;25664.0
Contaminado;39;38;5;19.0;21904.1;23816.5;24031.0;25551.5;25659.3
Contaminado;39;38;5;19.0;21971.7;23852.5;24073.7;25600.8;25713.5
Contaminado;39;38;5;19.0;21864.2;23901.7;24122.4;25675.3;25792.4
Contaminado;39;38;5;19.0;21739.5;23857.3;24076.7;25588.4;25699.9
Contaminado;39;38;5;19.0;21936.1;23874.0;24102.0;25635.7;25764.8
Contaminado;39;38;5;19.0;21955.1;23847.4;24065.3;25549.6;25676.2
Contaminado;39;38;5;19.0;21804.4;23870.6;24091.0;25630.6;25733.8
Contaminado;39;38;5;19.0;21898.3;23899.1;24122.8;25673.4;25792.7
Contaminado;39;38;5;19.0;21981.7;23841.3;24063.2;25550.3;25664.1
Contaminado;39;38;5;19.0;21730.5;23859.5;24078.4;25596.1;25701.8
Contaminado;39;38;5;19.0;21824.1;23868.5;24089.1;25630.8;25736.6
Contaminado;39;38;5;19.0;21850.4;23885.5;24104.0;25640.4;25745.2
Contaminado;39;38;5;19.0;21844.5;23828.1;24047.3;25533.8;25647.6
Contaminado;39;38;5;19.0;21881.0;23907.3;24123.8;25671.6;25788.2
Contaminado;39;38;5;20.4;20999.0;24173.0;24399.3;26250.9;26379.5
Contaminado;39;38;5;20.4;20447.6;24258.9;24484.7;26374.4;26508.0
Contaminado;39;38;5;20.4;20379.1;24275.8;24503.3;26400.8;26530.8
Contaminado;39;38;5;20.4;20779.2;24206.7;24431.9;26294.7;26429.8
Contaminado;39;38;5;20.4;20476.5;24251.0;24476.6;26364.8;26493.3
Contaminado;39;38;5;20.4;20492.0;24250.5;24477.6;26361.9;26490.4
Contaminado;39;38;5;20.4;20462.7;24255.9;24483.2;26372.6;26502.0
Contaminado;39;38;5;20.4;20616.6;24227.5;24454.8;26329.0;26457.5
Contaminado;39;38;5;20.4;20530.7;24245.8;24471.2;26352.4;26477.4
Contaminado;39;38;5;20.4;20421.1;24263.5;24491.9;26383.4;26517.1
Contaminado;39;38;5;20.4;20660.0;24225.4;24451.5;26324.3;26450.8
Contaminado;39;38;5;20.4;20515.9;24245.5;24472.1;26356.1;26484.6
Contaminado;39;38;5;20.4;20850.9;24193.2;24417.0;26276.3;26406.7
Contaminado;39;38;5;20.4;20405.9;24266.9;24493.5;26387.4;26516.8
Contaminado;39;38;5;20.4;20710.8;24215.9;24441.2;26313.4;26444.3
Contaminado;39;38;5;20.4;20430.9;24261.5;24489.1;26380.8;26512.4
Contaminado;39;38;5;20.4;21217.5;24147.7;24372.8;26208.2;26336.9
Contaminado;39;38;5;20.4;20554.7;24237.6;24464.8;26349.1;26480.9
Contaminado;38;41;0;17.4;19015.1;25238.5;25488.5;27718.4;27887.9
Contaminado;38;41;0;17.4;19063.6;25230.6;25479.4;27705.9;27875.2
Contaminado;38;41;0;17.4;19159.4;25216.4;25465.9;27687.6;27857.2
Contaminado;38;41;0;17.4;19129.0;25215.7;25466.0;27685.2;27854.0
Contaminado;38;41;0;17.4;19557.6;25112.1;25358.9;27526.1;27697.1
Contaminado;38;41;0;17.4;19047.2;25229.7;25479.4;27707.4;27879.1
Contaminado;38;41;0;17.4;19402.7;25140.5;25387.0;27568.7;27740.4
Contaminado;38;41;0;17.4;19112.5;25222.9;25473.1;27700.7;27870.3
Contaminado;38;41;0;17.4;19484.9;25137.1;25390.9;27555.7;27725.0
Contaminado;38;41;0;17.4;19035.0;25235.2;25486.4;27712.6;27882.2
Contaminado;38;41;0;17.4;19733.5;25149.0;25393.8;27654.4;27845.2
Contaminado;38;41;0;17.4;19096.9;25221.9;25470.4;27703.2;27879.1
Contaminado;38;41;0;17.4;19375.1;25160.1;25410.9;27587.6;27755.5
Contaminado;38;41;0;17.4;19084.5;25223.2;25475.4;27699.2;27870.4
Contaminado;38;41;0;17.4;19188.1;25215.2;25464.6;27684.5;27855.2
Contaminado;38;41;0;17.4;19393.3;25140.6;25388.5;27570.4;27759.4
Contaminado;38;41;0;17.4;19335.8;25171.9;25422.3;27614.1;27787.8
Contaminado;38;41;0;17.4;19426.2;25134.3;25382.4;27562.6;27730.2
Contaminado;38;41;0;17.4;19443.5;25131.5;25380.2;27554.3;27723.8
Contaminado;38;41;0;17.4;19512.4;25121.2;25370.2;27540.6;27708.0
Contaminado;38;41;0;17.4;19281.1;25194.6;25447.4;27662.4;27831.5
Contaminado;38;41;0;17.4;19125.1;25220.2;25469.9;27692.8;27869.1
Contaminado;38;41;0;17.4;19138.4;25223.4;25473.0;27696.9;27866.0
Contaminado;38;41;0;17.4;19482.4;25127.3;25373.5;27546.2;27717.5
Contaminado;38;41;0;17.4;19461.3;25124.3;25372.9;27543.0;27716.3
Contaminado;38;41;0;17.4;19171.6;25208.1;25457.8;27669.6;27838.4
Contaminado;38;41;0;17.4;19227.4;25193.8;25444.3;27647.5;27821.7
Contaminado;38;41;0;17.5;19458.9;25110.0;25359.9;27503.0;27673.7
Contaminado;38;41;0;17.5;19313.5;25134.3;25383.7;27549.2;27715.4
Contaminado;38;41;0;17.5;19300.8;25136.5;25386.5;27548.0;27714.0
Contaminado;38;41;0;17.5;19328.8;25138.4;25388.0;27555.2;27722.0
Contaminado;38;41;0;17.5;19424.4;25121.9;25368.0;27517.7;27685.2
Contaminado;38;41;0;17.5;19603.8;25089.4;25337.2;27464.1;27630.2
Contaminado;38;41;0;17.5;19507.8;25101.0;25352.5;27490.4;27655.7
Contaminado;38;41;0;17.5;19393.9;25128.0;25377.3;27532.1;27696.6
Contaminado;38;41;0;17.5;19365.6;25132.4;25383.0;27544.1;27708.5
Contaminado;38;41;0;17.6;19664.9;25155.4;25403.1;27649.0;27834.8
Contaminado;38;41;0;17.6;19492.5;25184.3;25431.4;27702.2;27889.8
Contaminado;38;41;0;17.6;19394.0;25203.3;25448.0;27735.2;27926.0
Contaminado;38;41;0;17.6;19531.2;25177.0;25423.0;27685.3;27871.7
Contaminado;38;41;0;17.6;19586.4;25168.3;25413.9;27669.4;27855.6
Contaminado;38;41;0;17.6;19431.3;25196.0;25440.7;27721.9;27908.8
Contaminado;38;41;0;17.6;19793.7;25137.3;25381.9;27607.2;27794.0
Contaminado;38;41;0;17.6;19371.1;25191.0;25435.2;27707.6;27895.4
Contaminado;38;41;0;17.6;19412.1;25199.3;25445.1;27728.2;27914.7
Contaminado;38;41;0;19.8;18394.2;25362.0;25598.2;27945.9;28119.4
Contaminado;38;41;0;19.8;18626.6;25330.0;25565.5;27901.1;28072.7
Contaminado;38;41;0;19.8;18403.1;25360.3;25592.7;27939.0;28112.9
Contaminado;38;41;0;19.8;18399.4;25360.5;25595.7;27944.4;28115.7
Contaminado;38;41;0;19.8;18447.7;25349.4;25581.4;27923.7;28094.5
Contaminado;38;41;0;19.8;18679.4;25316.4;25552.7;27881.6;28059.0
Contaminado;38;41;0;19.8;18483.2;25341.5;25577.5;27917.7;28084.1
Contaminado;38;41;0;19.8;18528.1;25354.9;25588.9;27942.4;28117.2
Contaminado;38;41;0;19.8;18499.7;25337.2;25572.1;27909.3;28084.1
Contaminado;38;41;0;19.8;18423.7;25357.4;25593.0;27942.6;28115.2
Contaminado;38;41;0;19.8;18438.0;25353.7;25587.6;27931.3;28104.5
Contaminado;38;41;0;19.8;18388.9;25365.0;25600.8;27952.1;28124.6
Contaminado;38;41;0;19.8;18429.7;25353.2;25588.1;27935.6;28113.6
Contaminado;38;41;0;19.8;18469.1;25343.4;25579.7;27920.0;28092.7
Contaminado;38;41;0;19.8;18586.6;25341.2;25577.4;27919.5;28099.3
Contaminado;38;41;0;19.8;18775.3;25296.7;25535.5;27848.5;28021.8
Contaminado;38;41;0;19.8;18416.2;25354.7;25590.9;27940.3;28110.6
Contaminado;38;41;0;19.8;18457.8;25347.8;25582.7;27930.5;28101.8
Contaminado;38;41;0;25.0;18409.2;25244.8;25444.7;28012.2;28284.0
Contaminado;38;41;0;25.0;18249.5;25256.5;25449.8;27988.3;28290.7
Contaminado;38;41;0;25.0;18513.0;25255.6;25456.2;28098.1;28352.2
Contaminado;38;41;0;25.0;18310.4;25242.3;25435.3;28014.2;28283.8
Contaminado;38;41;0;25.0;18596.3;25231.1;25439.0;27983.1;28252.2
Contaminado;42;39;0;15.4;16391.9;26366.6;26455.3;29124.1;29382.7
Contaminado;42;39;0;15.4;16424.2;26274.1;26367.4;29006.7;29251.2
Contaminado;42;39;0;15.4;16410.1;26285.3;26378.0;29019.5;29260.2
Contaminado;42;39;0;15.4;16480.6;26341.8;26434.3;29093.2;29354.8
Contaminado;42;39;0;15.4;16405.1;26285.2;26382.6;29020.8;29263.4
Contaminado;42;39;0;15.4;16419.9;26276.5;26372.1;29012.2;29257.3
Contaminado;42;39;0;15.5;17500.4;26055.4;26184.9;28844.0;29089.1
Contaminado;42;39;0;15.5;17355.3;26077.9;26196.7;28891.7;29139.8
Contaminado;42;39;0;15.5;17213.2;26134.0;26249.7;28930.2;29166.6
Contaminado;42;39;0;15.5;17903.9;25952.8;26089.3;28598.9;28831.2
Contaminado;42;39;0;15.5;17614.5;26031.8;26162.3;28721.1;28937.8
Contaminado;42;39;0;15.5;16494.7;26247.4;26344.0;28987.2;29229.8
Contaminado;42;39;0;15.5;17483.0;26055.6;26183.0;28849.1;29090.0
Contaminado;42;39;0;15.5;17448.7;26055.8;26182.7;28853.3;29094.5
Contaminado;42;39;0;15.5;17543.6;26049.3;26177.4;28747.3;28962.8
Contaminado;42;39;0;15.5;17468.6;26056.9;26185.8;28855.8;29095.0
Contaminado;42;39;0;15.5;17230.0;26121.8;26237.7;28932.5;29179.0
Contaminado;42;39;0;15.5;17262.5;26102.8;26219.3;28927.1;29179.4
Contaminado;42;39;0;15.5;16438.5;26270.8;26364.9;29001.6;29244.3
Contaminado;42;39;0;15.5;16612.0;26211.0;26303.9;28954.4;29204.8
Contaminado;42;39;0;15.5;16549.7;26229.2;26323.3;28977.7;29231.1
Contaminado;42;39;0;15.5;17222.6;26128.5;26243.9;28934.1;29144.9
Contaminado;42;39;0;15.5;17299.8;26090.7;26207.1;28907.3;29158.0
Contaminado;42;39;0;15.5;17715.5;26003.2;26137.1;28683.6;28897.9
Contaminado;42;39;0;15.5;16575.6;26217.5;26312.4;28954.1;29176.2
Contaminado;42;39;0;15.5;16459.3;26263.7;26360.0;28995.7;29241.1
Contaminado;42;39;0;15.5;17412.6;26059.9;26181.7;28865.3;29113.1
Contaminado;42;39;0;15.5;17576.6;26038.0;26169.4;28733.4;28944.2
Contaminado;42;39;0;15.5;16578.1;26219.1;26314.6;28969.8;29219.8
Contaminado;42;39;0;15.5;16474.3;26256.7;26352.7;28981.6;29224.9
Contaminado;42;39;0;15.5;16536.5;26234.1;26326.8;28984.1;29234.8
Contaminado;42;39;0;15.5;16868.9;26132.7;26230.9;28858.1;29108.2
Contaminado;42;39;0;15.5;16352.3;26374.1;26462.9;29131.2;29386.9
Contaminado;42;39;0;15.5;17245.7;26111.5;26229.9;28903.6;29160.7
Contaminado;42;39;0;15.5;17237.0;26118.2;26234.9;28926.1;29177.8
Contaminado;42;39;0;15.5;17324.8;26083.8;26201.5;28897.1;29147.0
Contaminado;42;39;0;15.5;17795.3;25978.9;26115.1;28650.5;28864.8
Contaminado;42;39;0;15.5;16520.7;26233.9;26328.9;28961.6;29220.5
Contaminado;42;39;0;15.5;16711.3;26180.2;26275.7;28914.7;29172.6
Contaminado;42;39;0;15.5;17655.5;26018.1;26149.1;28702.9;28919.3
Contaminado;42;39;0;15.5;17187.9;26147.3;26262.8;28927.8;29163.5
Contaminado;42;39;0;15.5;17203.1;26136.2;26256.5;28928.2;29164.4
Contaminado;42;39;0;15.5;16518.8;26239.5;26335.8;28991.8;29240.5
Contaminado;42;39;0;15.5;17520.4;26054.0;26181.5;28757.1;29061.4
Contaminado;42;39;0;15.6;17840.9;25941.5;26090.3;28744.7;29001.6
Contaminado;42;39;0;15.6;17540.0;26026.6;26149.3;28821.7;29072.0
Contaminado;42;39;0;19.5;16239.1;26240.3;26337.4;29150.2;29503.7
Contaminado;42;39;0;19.5;16412.9;26187.7;26286.1;29074.7;29423.5
Contaminado;42;39;0;19.5;16311.4;26214.4;26313.5;29112.2;29463.5
Contaminado;42;39;0;19.5;16329.8;26211.4;26310.2;29107.8;29458.9
Contaminado;42;39;0;19.5;16229.5;26245.4;26342.3;29156.3;29510.5
Contaminado;42;39;0;19.5;16256.7;26235.1;26332.8;29140.9;29495.6
Contaminado;42;39;0;19.5;16226.3;26244.4;26343.7;29157.0;29510.4
Contaminado;42;39;0;19.5;16244.1;26239.8;26338.0;29148.8;29501.5
Contaminado;42;39;0;19.5;16538.0;26158.7;26256.8;29029.2;29376.2
Contaminado;42;39;0;19.5;16223.6;26244.7;26341.3;29160.0;29512.8
Contaminado;42;39;0;19.5;16285.2;26222.0;26319.6;29122.4;29474.6
Contaminado;42;39;0;19.5;16274.5;26224.7;26322.4;29126.5;29479.4
Contaminado;42;39;0;19.5;16350.7;26203.0;26301.5;29094.5;29449.6
Contaminado;42;39;0;19.5;16298.1;26220.9;26317.3;29119.1;29471.0
Contaminado;42;39;0;19.5;16233.7;26245.3;26343.9;29156.6;29510.4
Contaminado;42;39;0;19.5;16225.7;26244.9;26342.7;29155.2;29510.2
Contaminado;42;39;0;19.5;16375.7;26199.3;26297.3;29091.1;29435.7
Contaminado;42;39;0;19.5;16265.0;26229.7;26325.9;29135.3;29489.3
Contaminado;42;39;0;26.2;16574.2;25579.7;25617.5;28192.5;28586.5
Contaminado;42;39;0;26.2;16555.9;25569.8;25603.5;28100.8;28526.3
Contaminado;42;39;0;26.2;16733.1;25500.7;25531.6;28020.8;28402.7
Contaminado;42;39;0;26.2;16667.8;25531.5;25567.1;28068.9;28439.8
Contaminado;42;39;0;26.2;16545.3;25558.4;25585.3;27970.2;28285.3
Contaminado;39;34;15;19.1;16906.0;25847.1;25864.3;28415.7;28683.8
Contaminado;39;34;15;19.1;16197.3;25921.7;25915.8;28418.0;28695.9
Contaminado;39;34;15;19.1;16922.9;25843.8;25863.0;28414.8;28680.6
Contaminado;39;34;15;19.1;17251.6;25725.6;25755.5;28276.8;28540.8
Contaminado;39;34;15;19.1;16207.7;25912.5;25901.0;28411.0;28685.6
Contaminado;39;34;15;19.1;16113.0;25937.1;25934.3;28426.2;28705.7
Contaminado;39;34;15;19.1;17017.7;25809.1;25827.9;28366.8;28630.2
Contaminado;39;34;15;19.1;16339.9;25878.3;25875.5;28375.2;28650.1
Contaminado;39;34;15;19.1;16287.7;25888.0;25883.6;28387.5;28667.7
Contaminado;39;34;15;19.1;16119.9;25933.9;25930.2;28424.3;28705.9
Contaminado;39;34;15;19.1;17115.5;25775.4;25802.5;28325.1;28587.4
Contaminado;39;34;15;19.1;16260.5;25901.7;25898.8;28401.5;28677.7
Contaminado;39;34;15;19.1;16169.4;25926.7;25922.0;28420.8;28698.5
Contaminado;39;34;15;19.1;17518.5;25653.8;25699.6;28199.7;28458.5
Contaminado;39;34;15;19.1;16897.5;25847.0;25864.2;28414.9;28682.5
Contaminado;39;34;15;19.1;16106.0;25980.7;25995.7;28522.9;28812.9
Contaminado;39;34;15;19.1;17133.2;25771.1;25794.9;28318.6;28580.3
Contaminado;39;34;15;19.1;16888.5;25850.7;25866.4;28420.6;28690.1
Contaminado;39;34;15;19.1;16162.6;25926.5;25921.8;28424.7;28699.8
Contaminado;39;34;15;19.1;16128.8;25930.1;25926.2;28427.3;28707.0
Contaminado;39;34;15;19.1;16996.8;25816.4;25840.5;28377.1;28644.4
Contaminado;39;34;15;19.1;16258.1;25911.0;25910.3;28419.2;28657.0
Contaminado;39;34;15;19.1;17180.0;25758.8;25785.4;28304.7;28565.3
Contaminado;39;34;15;19.1;17155.0;25768.8;25791.5;28317.3;28575.5
Contaminado;39;34;15;19.1;16580.3;25823.4;25825.4;28319.3;28596.9
Contaminado;39;34;15;19.1;17211.0;25745.8;25772.4;28286.7;28546.8
Contaminado;39;34;15;19.1;16935.0;25838.6;25857.6;28407.1;28674.0
Contaminado;39;34;15;19.1;16969.4;25822.3;25843.7;28383.8;28649.0
Contaminado;39;34;15;19.1;17077.5;25792.2;25816.8;28347.9;28610.9
Contaminado;39;34;15;19.1;16939.8;25837.8;25856.9;28407.0;28677.2
Contaminado;39;34;15;19.1;16892.0;25845.8;25861.9;28409.7;28677.8
Contaminado;39;34;15;19.1;16915.8;25849.1;25864.6;28418.8;28687.9
Contaminado;39;34;15;19.1;16181.9;25919.8;25913.3;28418.9;28698.0
Contaminado;39;34;15;19.1;16887.1;25854.6;25872.1;28426.7;28693.0
Contaminado;39;34;15;19.1;16926.0;25838.8;25855.4;28403.3;28675.7
Contaminado;39;34;15;19.1;16101.3;25987.9;26004.6;28540.4;28841.2
Contaminado;39;34;15;19.1;16156.8;25928.8;25924.0;28432.0;28708.9
Contaminado;39;34;15;19.1;17303.9;25718.2;25748.7;28255.5;28514.2
Contaminado;39;34;15;19.1;16959.3;25824.1;25842.7;28384.8;28652.1
Contaminado;39;34;15;19.1;16089.9;26015.8;26043.8;28586.9;28896.2
Contaminado;39;34;15;19.1;16095.3;26005.5;26029.9;28576.4;28888.7
Contaminado;39;34;15;19.1;16950.9;25831.7;25851.7;28401.8;28670.7
Contaminado;39;34;15;19.1;16423.0;25864.3;25860.2;28359.5;28636.2
Contaminado;39;34;15;19.1;16144.4;25932.8;25927.2;28435.0;28755.2
Contaminado;39;34;15;19.1;16912.4;25848.8;25865.5;28416.1;28683.9
Contaminado;39;34;15;21.2;16534.6;25886.6;25918.3;28490.3;28800.5
Contaminado;39;34;15;21.2;16353.3;25937.4;25966.1;28544.9;28857.4
Contaminado;39;34;15;21.2;16295.4;25939.2;25968.4;28547.0;28858.3
Contaminado;39;34;15;21.2;16287.7;25938.7;25964.9;28544.8;28853.0
Contaminado;39;34;15;21.2;16437.5;25907.3;25936.0;28511.4;28823.5
Contaminado;39;34;15;21.2;16368.1;25931.5;25961.4;28541.5;28852.4
Contaminado;39;34;15;21.2;16273.5;25940.8;25969.2;28544.7;28857.0
Contaminado;39;34;15;21.2;16279.6;25940.2;25967.3;28544.5;28854.0
Contaminado;39;34;15;21.2;16633.8;25864.4;25897.8;28467.7;28778.1
Contaminado;39;34;15;21.2;16326.3;25946.7;25973.7;28554.3;28864.5
Contaminado;39;34;15;21.2;16339.0;25940.8;25970.5;28549.2;28862.3
Contaminado;39;34;15;21.2;16253.5;25952.0;25980.8;28562.5;28872.1
Contaminado;39;34;15;21.2;16478.4;25896.5;25927.1;28500.5;28810.4
Contaminado;39;34;15;21.2;16382.8;25919.0;25949.0;28522.2;28831.1
Contaminado;39;34;15;21.2;16267.5;25941.8;25968.6;28546.0;28859.8
Contaminado;39;34;15;21.2;16404.0;25911.3;25947.1;28529.2;28837.9
Contaminado;39;34;15;21.2;16305.2;25943.4;25970.1;28548.3;28859.5
Contaminado;39;34;15;21.2;16262.6;25945.7;25973.2;28550.4;28860.6
Contaminado;39;34;15;21.2;16257.0;25950.0;25978.6;28555.4;28868.0
